6/21/2021 7:24:52 PM, (54.3, 238.1, 183.9)
6/21/2021 7:24:52 PM, (0.3, 187.3, 4.8)
6/21/2021 7:24:52 PM, (2.9, 181.2, 4.8)
6/21/2021 7:24:52 PM, (1.8, 174.2, 4.8)
6/21/2021 7:24:52 PM, (0.9, 166.9, 4.2)
6/21/2021 7:24:52 PM, (3.3, 164.1, 3.7)
6/21/2021 7:24:52 PM, (11.8, 163.4, 3.1)
6/21/2021 7:24:52 PM, (17.2, 165.1, 3.3)
6/21/2021 7:24:52 PM, (21.4, 169.6, 4.1)
6/21/2021 7:24:53 PM, (25.4, 176.3, 4.8)
6/21/2021 7:24:53 PM, (30.4, 184.3, 6.5)
6/21/2021 7:24:53 PM, (30.2, 189.8, 8.2)
6/21/2021 7:24:53 PM, (27.7, 188.7, 8.6)
6/21/2021 7:24:53 PM, (27.7, 182.0, 8.5)
6/21/2021 7:24:53 PM, (28.0, 172.9, 7.8)
6/21/2021 7:24:53 PM, (31.4, 159.8, 7.1)
6/21/2021 7:24:53 PM, (36.0, 148.8, 5.4)
6/21/2021 7:24:53 PM, (36.9, 136.9, 2.5)
6/21/2021 7:24:54 PM, (37.2, 132.8, 1.9)
6/21/2021 7:24:54 PM, (37.1, 135.5, 1.7)
6/21/2021 7:24:54 PM, (36.3, 152.7, 4.7)
6/21/2021 7:24:54 PM, (35.7, 169.8, 9.0)
6/21/2021 7:24:54 PM, (34.1, 179.3, 9.5)
6/21/2021 7:24:54 PM, (30.7, 185.9, 8.8)
6/21/2021 7:24:54 PM, (24.2, 193.4, 8.0)
6/21/2021 7:24:54 PM, (9.5, 210.6, 5.6)
6/21/2021 7:24:54 PM, (3.2, 224.8, 3.9)
6/21/2021 7:24:55 PM, (358.7, 240.9, 2.3)
6/21/2021 7:24:55 PM, (357.7, 256.3, 2.1)
6/21/2021 7:24:55 PM, (0.1, 268.3, 4.0)
6/21/2021 7:24:55 PM, (359.8, 269.6, 3.7)
6/21/2021 7:24:55 PM, (359.7, 270.2, 1.9)
6/21/2021 7:24:55 PM, (1.2, 268.9, 1.8)
6/21/2021 7:24:55 PM, (4.1, 262.9, 3.2)
6/21/2021 7:24:55 PM, (5.7, 248.4, 3.8)
6/21/2021 7:24:55 PM, (7.0, 228.8, 1.4)
6/21/2021 7:24:56 PM, (9.6, 206.0, 1.2)
6/21/2021 7:24:56 PM, (12.7, 183.9, 1.1)
6/21/2021 7:24:56 PM, (16.4, 168.1, 1.4)
6/21/2021 7:24:56 PM, (21.3, 155.7, 2.5)
6/21/2021 7:24:56 PM, (25.7, 146.3, 2.7)
6/21/2021 7:24:56 PM, (31.7, 140.6, 2.1)
6/21/2021 7:24:56 PM, (40.0, 141.4, 3.2)
6/21/2021 7:24:56 PM, (47.9, 146.7, 6.6)
6/21/2021 7:24:56 PM, (48.2, 154.3, 9.4)
6/21/2021 7:24:57 PM, (45.7, 160.9, 9.8)
6/21/2021 7:24:57 PM, (41.0, 168.2, 8.8)
6/21/2021 7:24:57 PM, (36.9, 177.6, 8.3)
6/21/2021 7:24:57 PM, (33.6, 188.9, 7.2)
6/21/2021 7:24:57 PM, (29.0, 202.7, 6.7)
6/21/2021 7:24:57 PM, (24.7, 214.8, 6.2)
6/21/2021 7:24:57 PM, (20.5, 228.3, 4.6)
6/21/2021 7:24:57 PM, (14.3, 243.7, 2.5)
6/21/2021 7:24:57 PM, (5.7, 252.1, 358.9)
6/21/2021 7:24:58 PM, (1.8, 254.3, 356.7)
6/21/2021 7:24:58 PM, (2.8, 256.7, 356.6)
6/21/2021 7:24:58 PM, (5.8, 257.7, 358.2)
6/21/2021 7:24:58 PM, (5.7, 258.2, 358.6)
6/21/2021 7:24:58 PM, (4.0, 257.9, 358.7)
6/21/2021 7:24:58 PM, (5.8, 257.1, 358.7)
6/21/2021 7:24:58 PM, (9.6, 254.5, 1.4)
6/21/2021 7:24:58 PM, (6.4, 249.5, 358.9)
6/21/2021 7:24:58 PM, (6.1, 242.8, 358.5)
6/21/2021 7:24:59 PM, (9.9, 236.4, 0.8)
6/21/2021 7:24:59 PM, (14.3, 228.0, 5.4)
6/21/2021 7:24:59 PM, (9.3, 217.6, 0.7)
6/21/2021 7:24:59 PM, (9.1, 209.1, 358.9)
6/21/2021 7:24:59 PM, (11.9, 202.0, 359.3)
6/21/2021 7:24:59 PM, (10.1, 196.0, 1.6)
6/21/2021 7:24:59 PM, (5.3, 188.8, 0.6)
6/21/2021 7:24:59 PM, (3.5, 178.2, 359.9)
6/21/2021 7:24:59 PM, (4.8, 160.6, 1.0)
6/21/2021 7:25:00 PM, (6.1, 140.6, 359.6)
6/21/2021 7:25:00 PM, (9.2, 119.3, 357.8)
6/21/2021 7:25:00 PM, (8.8, 95.5, 352.8)
6/21/2021 7:25:00 PM, (8.7, 86.9, 349.1)
6/21/2021 7:25:00 PM, (8.5, 87.2, 348.9)
6/21/2021 7:25:00 PM, (9.1, 90.6, 350.1)
6/21/2021 7:25:00 PM, (11.0, 94.4, 350.7)
6/21/2021 7:25:00 PM, (14.0, 105.6, 354.3)
6/21/2021 7:25:00 PM, (14.8, 120.3, 359.7)
6/21/2021 7:25:01 PM, (11.7, 137.1, 3.0)
6/21/2021 7:25:01 PM, (6.3, 152.7, 3.0)
6/21/2021 7:25:01 PM, (6.3, 168.0, 2.2)
6/21/2021 7:25:01 PM, (7.3, 185.5, 0.0)
6/21/2021 7:25:01 PM, (359.1, 203.3, 358.2)
6/21/2021 7:25:01 PM, (358.1, 220.0, 355.3)
6/21/2021 7:25:01 PM, (1.7, 235.9, 354.4)
6/21/2021 7:25:01 PM, (3.0, 246.1, 354.7)
6/21/2021 7:25:01 PM, (357.7, 261.6, 353.2)
6/21/2021 7:25:02 PM, (355.2, 272.1, 352.3)
6/21/2021 7:25:02 PM, (2.3, 280.8, 354.7)
6/21/2021 7:25:02 PM, (1.4, 280.9, 356.5)
6/21/2021 7:25:02 PM, (356.6, 276.9, 353.2)
6/21/2021 7:25:02 PM, (356.1, 271.5, 352.8)
6/21/2021 7:25:02 PM, (0.7, 261.4, 356.4)
6/21/2021 7:25:02 PM, (359.9, 252.8, 356.4)
6/21/2021 7:25:02 PM, (358.5, 238.6, 356.7)
6/21/2021 7:25:02 PM, (357.3, 227.7, 357.0)
6/21/2021 7:25:03 PM, (359.7, 217.5, 358.5)
6/21/2021 7:25:03 PM, (1.5, 208.5, 358.9)
6/21/2021 7:25:03 PM, (359.6, 199.5, 358.8)
6/21/2021 7:25:03 PM, (359.5, 190.9, 359.1)
6/21/2021 7:25:03 PM, (1.2, 183.3, 359.5)
6/21/2021 7:25:03 PM, (1.2, 171.9, 359.9)
6/21/2021 7:25:03 PM, (358.9, 157.0, 1.3)
6/21/2021 7:25:03 PM, (357.8, 142.5, 1.9)
6/21/2021 7:25:03 PM, (359.3, 130.3, 1.7)
6/21/2021 7:25:04 PM, (360.0, 121.3, 1.5)
6/21/2021 7:25:04 PM, (358.9, 119.2, 1.5)
6/21/2021 7:25:04 PM, (356.7, 119.7, 2.4)
6/21/2021 7:25:04 PM, (356.9, 122.3, 1.8)
6/21/2021 7:25:04 PM, (357.6, 124.2, 1.2)
6/21/2021 7:25:04 PM, (355.0, 129.1, 1.9)
6/21/2021 7:25:04 PM, (353.8, 136.9, 2.3)
6/21/2021 7:25:04 PM, (356.2, 147.7, 1.5)
6/21/2021 7:25:05 PM, (0.2, 161.5, 1.5)
6/21/2021 7:25:05 PM, (1.6, 173.6, 2.3)
6/21/2021 7:25:05 PM, (0.1, 184.1, 3.3)
6/21/2021 7:25:05 PM, (0.0, 193.0, 2.2)
6/21/2021 7:25:05 PM, (4.8, 201.8, 1.7)
6/21/2021 7:25:05 PM, (2.5, 210.5, 3.1)
6/21/2021 7:25:05 PM, (355.0, 220.9, 2.6)
6/21/2021 7:25:05 PM, (353.8, 231.6, 0.4)
6/21/2021 7:25:05 PM, (357.0, 243.8, 359.6)
6/21/2021 7:25:06 PM, (354.9, 254.2, 358.9)
6/21/2021 7:25:06 PM, (351.3, 260.7, 358.6)
6/21/2021 7:25:06 PM, (352.1, 262.7, 358.9)
6/21/2021 7:25:06 PM, (356.9, 262.4, 0.5)
6/21/2021 7:25:06 PM, (357.0, 258.1, 0.6)
6/21/2021 7:25:06 PM, (354.1, 251.5, 359.5)
6/21/2021 7:25:06 PM, (353.0, 243.2, 359.2)
6/21/2021 7:25:06 PM, (356.8, 235.7, 0.9)
6/21/2021 7:25:06 PM, (359.8, 227.8, 1.2)
6/21/2021 7:25:07 PM, (356.9, 218.9, 1.1)
6/21/2021 7:25:07 PM, (354.3, 209.0, 1.3)
6/21/2021 7:25:07 PM, (356.7, 199.0, 1.5)
6/21/2021 7:25:07 PM, (1.1, 189.3, 1.7)
6/21/2021 7:25:07 PM, (359.8, 183.2, 2.7)
6/21/2021 7:25:07 PM, (357.7, 171.9, 4.9)
6/21/2021 7:25:07 PM, (359.3, 157.3, 6.3)
6/21/2021 7:25:07 PM, (2.3, 150.5, 6.6)
6/21/2021 7:25:07 PM, (6.0, 143.3, 6.5)
6/21/2021 7:25:08 PM, (10.7, 145.6, 4.8)
6/21/2021 7:25:08 PM, (19.0, 151.7, 3.6)
6/21/2021 7:25:08 PM, (30.6, 160.5, 4.8)
6/21/2021 7:25:08 PM, (34.7, 169.6, 8.5)
6/21/2021 7:25:08 PM, (34.2, 174.6, 6.4)
6/21/2021 7:25:08 PM, (28.8, 177.2, 4.3)
6/21/2021 7:25:08 PM, (31.1, 179.3, 2.3)
6/21/2021 7:25:08 PM, (33.7, 179.3, 1.5)
6/21/2021 7:25:08 PM, (34.5, 172.4, 359.4)
6/21/2021 7:25:09 PM, (35.2, 162.1, 356.1)
6/21/2021 7:25:09 PM, (36.0, 156.1, 353.1)
6/21/2021 7:25:09 PM, (37.6, 157.3, 354.1)
6/21/2021 7:25:09 PM, (38.3, 159.4, 354.3)
6/21/2021 7:25:09 PM, (36.2, 160.1, 353.5)
6/21/2021 7:25:09 PM, (35.6, 162.2, 352.8)
6/21/2021 7:25:09 PM, (35.0, 160.8, 348.6)
6/21/2021 7:25:09 PM, (34.7, 162.6, 348.3)
6/21/2021 7:25:09 PM, (34.8, 161.4, 346.9)
6/21/2021 7:25:10 PM, (35.8, 160.9, 345.4)
6/21/2021 7:25:10 PM, (34.9, 160.7, 346.6)
6/21/2021 7:25:10 PM, (35.1, 163.1, 348.7)
6/21/2021 7:25:10 PM, (29.8, 160.9, 349.7)
6/21/2021 7:25:10 PM, (23.5, 157.9, 356.9)
6/21/2021 7:25:10 PM, (22.4, 155.6, 355.9)
6/21/2021 7:25:10 PM, (23.5, 154.9, 355.2)
6/21/2021 7:25:10 PM, (22.6, 156.3, 357.2)
6/21/2021 7:25:10 PM, (20.7, 154.4, 358.6)
6/21/2021 7:25:11 PM, (19.5, 152.9, 357.9)
6/21/2021 7:25:11 PM, (20.6, 151.3, 357.4)
6/21/2021 7:25:11 PM, (22.5, 149.8, 358.1)
6/21/2021 7:25:11 PM, (22.8, 146.8, 357.6)
6/21/2021 7:25:11 PM, (23.9, 146.7, 356.7)
6/21/2021 7:25:11 PM, (24.2, 150.2, 356.6)
6/21/2021 7:25:11 PM, (22.1, 153.4, 359.4)
6/21/2021 7:25:11 PM, (18.3, 155.6, 359.1)
6/21/2021 7:25:11 PM, (16.5, 159.5, 357.4)
6/21/2021 7:25:12 PM, (19.0, 163.9, 357.6)
6/21/2021 7:25:12 PM, (18.9, 166.5, 358.6)
6/21/2021 7:25:12 PM, (22.0, 168.5, 358.8)
6/21/2021 7:25:12 PM, (23.6, 170.0, 359.8)
6/21/2021 7:25:12 PM, (24.5, 173.7, 1.1)
6/21/2021 7:25:12 PM, (26.6, 178.1, 3.4)
6/21/2021 7:25:12 PM, (24.0, 180.2, 4.4)
6/21/2021 7:25:12 PM, (20.7, 179.0, 5.1)
6/21/2021 7:25:13 PM, (18.9, 177.3, 3.4)
6/21/2021 7:25:13 PM, (20.4, 177.0, 1.5)
6/21/2021 7:25:13 PM, (24.3, 174.8, 357.8)
6/21/2021 7:25:13 PM, (22.0, 173.7, 359.5)
6/21/2021 7:25:13 PM, (21.4, 173.4, 359.5)
6/21/2021 7:25:13 PM, (22.9, 173.5, 359.0)
6/21/2021 7:25:13 PM, (24.0, 173.8, 358.6)
6/21/2021 7:25:13 PM, (23.7, 173.6, 359.3)
6/21/2021 7:25:13 PM, (23.2, 173.1, 359.9)
6/21/2021 7:25:14 PM, (23.4, 173.1, 359.8)
6/21/2021 7:25:14 PM, (23.7, 172.6, 359.8)
6/21/2021 7:25:14 PM, (23.6, 172.3, 359.8)
6/21/2021 7:25:14 PM, (23.6, 172.4, 359.9)
6/21/2021 7:25:14 PM, (23.4, 172.3, 360.0)
6/21/2021 7:25:14 PM, (23.6, 171.7, 359.8)
6/21/2021 7:25:14 PM, (24.4, 171.6, 359.9)
6/21/2021 7:25:14 PM, (24.4, 171.6, 359.9)
6/21/2021 7:25:15 PM, (23.9, 171.4, 0.2)
6/21/2021 7:25:15 PM, (23.7, 171.1, 0.4)
6/21/2021 7:25:15 PM, (23.6, 170.5, 0.1)
6/21/2021 7:25:15 PM, (23.6, 170.4, 0.2)
6/21/2021 7:25:15 PM, (23.5, 170.5, 0.4)
6/21/2021 7:25:15 PM, (23.7, 170.6, 0.5)
6/21/2021 7:25:15 PM, (23.8, 170.6, 0.6)
6/21/2021 7:25:15 PM, (23.8, 170.8, 0.5)
6/21/2021 7:25:15 PM, (23.8, 170.7, 0.3)
6/21/2021 7:25:15 PM, (23.8, 170.9, 0.5)
6/21/2021 7:25:16 PM, (23.7, 170.8, 0.7)
6/21/2021 7:25:16 PM, (23.5, 170.2, 0.4)
6/21/2021 7:25:16 PM, (23.6, 169.8, 0.3)
6/21/2021 7:25:16 PM, (23.6, 170.3, 0.6)
6/21/2021 7:25:16 PM, (23.2, 171.7, 1.5)
6/21/2021 7:25:16 PM, (22.4, 174.3, 3.1)
6/21/2021 7:25:16 PM, (24.1, 173.5, 1.3)
6/21/2021 7:25:16 PM, (24.5, 172.2, 0.6)
6/21/2021 7:25:17 PM, (24.7, 170.5, 0.1)
6/21/2021 7:25:17 PM, (25.3, 169.0, 359.5)
6/21/2021 7:25:17 PM, (25.5, 168.0, 360.0)
6/21/2021 7:25:17 PM, (25.6, 168.2, 0.9)
6/21/2021 7:25:17 PM, (26.0, 168.5, 1.4)
6/21/2021 7:25:17 PM, (25.9, 169.2, 1.0)
6/21/2021 7:25:17 PM, (25.7, 170.2, 0.6)
6/21/2021 7:25:17 PM, (25.8, 171.4, 0.4)
6/21/2021 7:25:17 PM, (25.5, 172.2, 0.7)
6/21/2021 7:25:17 PM, (25.7, 172.7, 0.4)
6/21/2021 7:25:18 PM, (25.8, 172.9, 0.2)
6/21/2021 7:25:18 PM, (25.6, 173.0, 0.4)
6/21/2021 7:25:18 PM, (25.1, 172.2, 0.5)
6/21/2021 7:25:18 PM, (25.1, 170.5, 0.0)
6/21/2021 7:25:18 PM, (25.8, 168.6, 359.5)
6/21/2021 7:25:18 PM, (25.9, 167.6, 359.5)
6/21/2021 7:25:18 PM, (25.3, 166.7, 0.7)
6/21/2021 7:25:18 PM, (25.3, 166.3, 1.0)
6/21/2021 7:25:18 PM, (25.2, 166.4, 0.1)
6/21/2021 7:25:19 PM, (25.3, 167.6, 359.6)
6/21/2021 7:25:19 PM, (24.8, 168.1, 359.7)
6/21/2021 7:25:19 PM, (24.4, 169.1, 359.9)
6/21/2021 7:25:19 PM, (24.2, 169.1, 359.5)
6/21/2021 7:25:19 PM, (24.2, 169.1, 359.0)
6/21/2021 7:25:19 PM, (24.0, 169.5, 359.5)
6/21/2021 7:25:19 PM, (23.1, 169.7, 359.7)
6/21/2021 7:25:19 PM, (21.1, 169.7, 358.9)
6/21/2021 7:25:20 PM, (21.2, 169.7, 360.0)
6/21/2021 7:25:20 PM, (19.2, 168.4, 0.7)
6/21/2021 7:25:20 PM, (18.9, 168.2, 0.6)
6/21/2021 7:25:20 PM, (19.4, 168.4, 0.5)
6/21/2021 7:25:20 PM, (19.5, 168.3, 0.4)
6/21/2021 7:25:20 PM, (19.2, 168.5, 0.8)
6/21/2021 7:25:20 PM, (19.6, 168.8, 0.8)
6/21/2021 7:25:20 PM, (19.7, 168.9, 0.7)
6/21/2021 7:25:20 PM, (19.8, 169.0, 0.7)
6/21/2021 7:25:21 PM, (19.8, 169.0, 0.8)
6/21/2021 7:25:21 PM, (20.1, 169.2, 1.0)
6/21/2021 7:25:21 PM, (20.4, 169.6, 1.2)
6/21/2021 7:25:21 PM, (20.2, 169.7, 1.3)
6/21/2021 7:25:21 PM, (20.2, 170.2, 1.5)
6/21/2021 7:25:21 PM, (20.5, 171.2, 1.7)
6/21/2021 7:25:21 PM, (20.1, 171.1, 1.9)
6/21/2021 7:25:21 PM, (20.5, 170.8, 1.2)
6/21/2021 7:25:21 PM, (21.2, 170.9, 1.0)
6/21/2021 7:25:22 PM, (21.2, 171.4, 1.7)
6/21/2021 7:25:22 PM, (20.8, 170.9, 1.6)
6/21/2021 7:25:22 PM, (21.1, 170.8, 1.2)
6/21/2021 7:25:22 PM, (21.1, 170.7, 1.3)
6/21/2021 7:25:22 PM, (20.9, 170.7, 1.5)
6/21/2021 7:25:22 PM, (21.0, 170.6, 1.4)
6/21/2021 7:25:22 PM, (21.0, 170.5, 1.3)
6/21/2021 7:25:22 PM, (21.0, 170.6, 1.6)
6/21/2021 7:25:22 PM, (20.6, 170.5, 1.6)
6/21/2021 7:25:23 PM, (20.5, 170.3, 1.6)
6/21/2021 7:25:23 PM, (20.2, 169.4, 1.2)
6/21/2021 7:25:23 PM, (20.5, 169.1, 1.2)
6/21/2021 7:25:23 PM, (20.8, 169.4, 1.4)
6/21/2021 7:25:23 PM, (20.9, 169.5, 1.8)
6/21/2021 7:25:23 PM, (20.9, 169.4, 1.7)
6/21/2021 7:25:23 PM, (20.9, 169.6, 1.8)
6/21/2021 7:25:23 PM, (20.8, 169.7, 1.9)
6/21/2021 7:25:23 PM, (21.0, 169.9, 2.0)
6/21/2021 7:25:24 PM, (20.9, 170.2, 2.1)
6/21/2021 7:25:24 PM, (20.9, 170.4, 2.2)
6/21/2021 7:25:24 PM, (20.9, 170.7, 2.1)
6/21/2021 7:25:24 PM, (21.2, 170.9, 2.3)
6/21/2021 7:25:24 PM, (21.1, 170.4, 2.1)
6/21/2021 7:25:24 PM, (21.1, 170.4, 2.0)
6/21/2021 7:25:24 PM, (21.3, 170.4, 1.9)
6/21/2021 7:25:24 PM, (21.3, 170.6, 2.0)
6/21/2021 7:25:25 PM, (21.1, 170.7, 2.0)
6/21/2021 7:25:25 PM, (21.0, 170.6, 2.1)
6/21/2021 7:25:25 PM, (20.5, 170.6, 2.5)
6/21/2021 7:25:25 PM, (20.5, 170.8, 2.5)
6/21/2021 7:25:25 PM, (20.7, 171.0, 2.5)
6/21/2021 7:25:25 PM, (20.7, 170.9, 2.3)
6/21/2021 7:25:25 PM, (20.0, 170.2, 2.0)
6/21/2021 7:25:25 PM, (19.6, 169.0, 1.4)
6/21/2021 7:25:25 PM, (20.1, 170.2, 1.7)
6/21/2021 7:25:25 PM, (20.6, 171.4, 1.8)
6/21/2021 7:25:26 PM, (20.4, 171.2, 1.7)
6/21/2021 7:25:26 PM, (20.7, 171.6, 1.6)
6/21/2021 7:25:26 PM, (20.7, 172.1, 1.8)
6/21/2021 7:25:26 PM, (20.6, 171.8, 1.9)
6/21/2021 7:25:26 PM, (20.6, 171.3, 1.7)
6/21/2021 7:25:26 PM, (20.7, 171.1, 1.8)
6/21/2021 7:25:26 PM, (20.6, 170.9, 2.0)
6/21/2021 7:25:26 PM, (20.6, 170.5, 2.0)
6/21/2021 7:25:26 PM, (20.6, 170.2, 2.2)
6/21/2021 7:25:27 PM, (20.5, 170.3, 2.3)
6/21/2021 7:25:27 PM, (20.6, 170.4, 2.4)
6/21/2021 7:25:27 PM, (20.7, 170.5, 2.5)
6/21/2021 7:25:27 PM, (20.8, 170.7, 2.4)
6/21/2021 7:25:27 PM, (20.9, 171.0, 2.5)
6/21/2021 7:25:27 PM, (20.8, 171.1, 2.6)
6/21/2021 7:25:27 PM, (20.8, 171.0, 2.6)
6/21/2021 7:25:27 PM, (21.0, 171.1, 2.7)
6/21/2021 7:25:28 PM, (21.0, 171.0, 2.7)
6/21/2021 7:25:28 PM, (21.0, 171.0, 2.7)
6/21/2021 7:25:28 PM, (21.0, 171.0, 2.8)
6/21/2021 7:25:28 PM, (21.0, 171.0, 2.8)
6/21/2021 7:25:28 PM, (20.9, 171.1, 2.9)
6/21/2021 7:27:37 PM, (56.9, 27.8, 212.0)
6/21/2021 7:27:38 PM, (8.7, 186.5, 1.9)
6/21/2021 7:27:38 PM, (356.7, 186.7, 5.2)
6/21/2021 7:27:38 PM, (356.5, 186.5, 5.3)
6/21/2021 7:27:38 PM, (356.6, 186.5, 5.2)
6/21/2021 7:27:38 PM, (357.3, 186.8, 4.7)
6/21/2021 7:27:38 PM, (2.0, 187.4, 1.2)
6/21/2021 7:27:38 PM, (4.5, 190.4, 0.0)
6/21/2021 7:27:38 PM, (4.4, 190.6, 6.1)
6/21/2021 7:27:38 PM, (4.7, 187.2, 6.8)
6/21/2021 7:27:39 PM, (7.3, 184.7, 3.9)
6/21/2021 7:27:39 PM, (7.8, 181.2, 3.1)
6/21/2021 7:27:39 PM, (8.2, 182.9, 2.9)
6/21/2021 7:27:39 PM, (7.7, 189.3, 4.7)
6/21/2021 7:27:39 PM, (7.9, 194.6, 3.7)
6/21/2021 7:27:39 PM, (8.3, 193.3, 2.2)
6/21/2021 7:27:39 PM, (4.4, 185.1, 4.3)
6/21/2021 7:27:39 PM, (3.4, 180.4, 4.6)
6/21/2021 7:27:39 PM, (1.5, 176.3, 5.1)
6/21/2021 7:27:40 PM, (0.7, 178.5, 6.8)
6/21/2021 7:27:40 PM, (2.3, 184.8, 5.3)
6/21/2021 7:27:40 PM, (3.2, 191.0, 4.5)
6/21/2021 7:27:40 PM, (3.0, 192.5, 5.3)
6/21/2021 7:27:40 PM, (2.4, 191.2, 5.7)
6/21/2021 7:27:40 PM, (2.8, 188.5, 4.8)
6/21/2021 7:27:40 PM, (3.4, 185.6, 3.3)
6/21/2021 7:27:40 PM, (3.1, 180.5, 2.4)
6/21/2021 7:27:40 PM, (2.8, 181.1, 2.7)
6/21/2021 7:27:41 PM, (2.8, 184.6, 2.8)
6/21/2021 7:27:41 PM, (2.6, 189.2, 3.7)
6/21/2021 7:27:41 PM, (3.5, 194.5, 3.6)
6/21/2021 7:27:41 PM, (2.9, 194.6, 5.0)
6/21/2021 7:27:41 PM, (2.5, 192.0, 4.2)
6/21/2021 7:27:41 PM, (2.5, 189.0, 3.0)
6/21/2021 7:27:41 PM, (2.6, 183.3, 1.7)
6/21/2021 7:27:41 PM, (1.7, 183.0, 3.5)
6/21/2021 7:27:41 PM, (2.0, 187.7, 3.9)
6/21/2021 7:27:42 PM, (3.5, 194.7, 4.1)
6/21/2021 7:27:42 PM, (5.3, 199.2, 3.1)
6/21/2021 7:27:42 PM, (4.6, 197.3, 3.5)
6/21/2021 7:27:42 PM, (3.4, 191.9, 2.9)
6/21/2021 7:27:42 PM, (3.2, 187.7, 1.5)
6/21/2021 7:27:42 PM, (2.5, 182.7, 1.1)
6/21/2021 7:27:42 PM, (1.8, 183.3, 2.3)
6/21/2021 7:27:42 PM, (2.1, 185.2, 2.1)
6/21/2021 7:27:42 PM, (2.2, 186.7, 2.3)
6/21/2021 7:27:43 PM, (2.7, 187.8, 1.4)
6/21/2021 7:27:43 PM, (2.4, 187.6, 1.6)
6/21/2021 7:27:43 PM, (2.4, 189.0, 2.7)
6/21/2021 7:27:43 PM, (2.8, 189.9, 2.4)
6/21/2021 7:27:43 PM, (2.6, 189.3, 2.2)
6/21/2021 7:27:43 PM, (1.7, 188.1, 2.8)
6/21/2021 7:27:43 PM, (1.0, 187.7, 3.1)
6/21/2021 7:27:43 PM, (359.8, 187.9, 3.6)
6/21/2021 7:27:43 PM, (358.7, 188.5, 3.5)
6/21/2021 7:27:44 PM, (358.5, 189.4, 3.0)
6/21/2021 7:27:44 PM, (358.7, 189.6, 2.7)
6/21/2021 7:27:44 PM, (358.7, 189.6, 2.7)
6/21/2021 7:27:44 PM, (358.6, 189.3, 3.0)
6/21/2021 7:27:44 PM, (358.6, 189.4, 3.0)
6/21/2021 7:27:44 PM, (358.8, 189.8, 2.8)
6/21/2021 7:27:44 PM, (358.8, 189.7, 3.0)
6/21/2021 7:27:44 PM, (358.6, 189.4, 3.1)
6/21/2021 7:27:44 PM, (358.6, 189.5, 3.1)
6/21/2021 7:27:45 PM, (358.7, 189.6, 2.9)
6/21/2021 7:27:45 PM, (358.8, 189.6, 2.8)
6/21/2021 7:27:45 PM, (358.8, 189.4, 2.9)
6/21/2021 7:27:45 PM, (358.8, 189.5, 2.8)
6/21/2021 7:27:45 PM, (358.8, 189.5, 2.7)
6/21/2021 7:27:45 PM, (358.7, 189.4, 2.7)
6/21/2021 7:27:45 PM, (358.7, 189.4, 2.9)
6/21/2021 7:27:45 PM, (358.6, 189.6, 2.8)
6/21/2021 7:27:45 PM, (358.7, 189.5, 2.6)
6/21/2021 7:27:46 PM, (359.4, 187.4, 0.9)
6/21/2021 7:27:46 PM, (358.7, 182.3, 0.8)
6/21/2021 7:27:46 PM, (358.1, 180.2, 1.3)
6/21/2021 7:27:46 PM, (358.3, 181.7, 1.5)
6/21/2021 7:27:46 PM, (358.4, 182.2, 1.3)
6/21/2021 7:27:46 PM, (358.5, 183.2, 1.5)
6/21/2021 7:27:46 PM, (358.8, 184.5, 1.7)
6/21/2021 7:27:46 PM, (358.9, 185.4, 1.7)
6/21/2021 7:27:46 PM, (359.0, 185.6, 1.6)
6/21/2021 7:27:47 PM, (358.8, 185.6, 2.1)
6/21/2021 7:27:47 PM, (358.6, 185.5, 2.2)
6/21/2021 7:27:47 PM, (358.6, 185.4, 2.2)
6/21/2021 7:27:47 PM, (358.6, 185.4, 2.2)
6/21/2021 7:27:47 PM, (358.7, 185.4, 2.0)
6/21/2021 7:27:47 PM, (358.8, 185.5, 1.8)
6/21/2021 7:27:47 PM, (358.8, 185.6, 1.9)
6/21/2021 7:27:47 PM, (358.9, 185.7, 1.8)
6/21/2021 7:27:47 PM, (358.9, 185.7, 1.8)
6/21/2021 7:27:48 PM, (358.8, 185.6, 1.8)
6/21/2021 7:27:48 PM, (358.8, 185.7, 1.9)
6/21/2021 7:27:48 PM, (358.8, 185.7, 1.9)
6/21/2021 7:27:48 PM, (358.8, 185.7, 2.0)
6/21/2021 7:27:48 PM, (358.8, 185.7, 1.9)
6/21/2021 7:27:48 PM, (358.8, 185.8, 2.0)
6/21/2021 7:27:48 PM, (358.8, 185.8, 2.0)
6/21/2021 7:27:48 PM, (358.8, 185.8, 2.0)
6/21/2021 7:27:48 PM, (358.8, 185.8, 2.1)
6/21/2021 7:27:49 PM, (358.8, 185.7, 2.0)
6/21/2021 7:27:49 PM, (358.7, 185.7, 2.1)
6/21/2021 7:27:49 PM, (358.8, 185.9, 2.2)
6/21/2021 7:27:49 PM, (359.0, 187.2, 2.6)
6/21/2021 7:27:49 PM, (359.4, 187.8, 1.9)
6/21/2021 7:27:49 PM, (359.1, 187.1, 2.1)
6/21/2021 7:27:49 PM, (359.4, 186.3, 1.1)
6/21/2021 7:27:49 PM, (359.0, 184.8, 1.5)
6/21/2021 7:27:49 PM, (358.7, 184.0, 1.9)
6/21/2021 7:27:50 PM, (358.8, 184.3, 1.8)
6/21/2021 7:27:50 PM, (358.8, 184.6, 1.7)
6/21/2021 7:27:50 PM, (358.7, 184.6, 1.8)
6/21/2021 7:27:50 PM, (358.8, 184.9, 1.8)
6/21/2021 7:27:50 PM, (359.0, 185.2, 1.6)
6/21/2021 7:27:50 PM, (359.0, 185.7, 2.0)
6/21/2021 7:27:50 PM, (358.8, 186.6, 2.6)
6/21/2021 7:27:50 PM, (359.0, 186.9, 2.3)
6/21/2021 7:27:50 PM, (359.0, 186.4, 2.4)
6/21/2021 7:27:51 PM, (358.9, 186.5, 2.3)
6/21/2021 7:27:51 PM, (358.9, 186.6, 2.3)
6/21/2021 7:27:51 PM, (358.9, 186.4, 2.3)
6/21/2021 7:27:51 PM, (358.8, 186.2, 2.3)
6/21/2021 7:27:51 PM, (358.9, 185.9, 2.0)
6/21/2021 7:27:51 PM, (358.9, 185.2, 1.6)
6/21/2021 7:27:51 PM, (358.6, 184.8, 1.9)
6/21/2021 7:27:51 PM, (358.9, 185.2, 1.7)
6/21/2021 7:27:51 PM, (359.0, 185.3, 1.6)
6/21/2021 7:27:52 PM, (358.9, 185.2, 1.7)
6/21/2021 7:27:52 PM, (358.9, 185.2, 1.7)
6/21/2021 7:27:52 PM, (359.0, 185.4, 1.6)
6/21/2021 7:27:52 PM, (359.1, 185.6, 1.6)
6/21/2021 7:27:52 PM, (359.1, 185.6, 1.7)
6/21/2021 7:27:52 PM, (359.1, 185.7, 1.7)
6/21/2021 7:27:52 PM, (359.0, 185.7, 1.7)
6/21/2021 7:27:52 PM, (359.0, 185.7, 1.7)
6/21/2021 7:27:52 PM, (359.1, 185.8, 1.7)
6/21/2021 7:27:53 PM, (359.0, 185.8, 1.7)
6/21/2021 7:27:53 PM, (359.0, 185.9, 1.6)
6/21/2021 7:27:53 PM, (359.2, 186.4, 1.6)
6/21/2021 7:27:53 PM, (359.4, 186.5, 1.4)
6/21/2021 7:27:53 PM, (359.3, 186.5, 1.5)
6/21/2021 7:27:53 PM, (359.3, 186.5, 1.5)
6/21/2021 7:27:53 PM, (359.2, 186.5, 1.6)
6/21/2021 7:27:53 PM, (359.2, 186.5, 1.5)
6/21/2021 7:27:53 PM, (359.2, 186.6, 1.5)
6/21/2021 7:27:54 PM, (359.3, 186.6, 1.5)
6/21/2021 7:27:54 PM, (359.2, 186.5, 1.6)
6/21/2021 7:27:54 PM, (359.4, 186.6, 1.4)
6/21/2021 7:27:54 PM, (359.3, 186.5, 1.5)
6/21/2021 7:27:54 PM, (359.2, 186.6, 1.5)
6/21/2021 7:27:54 PM, (359.2, 186.6, 1.4)
6/21/2021 7:27:54 PM, (359.2, 186.6, 1.5)
6/21/2021 7:27:54 PM, (359.2, 186.6, 1.5)
6/21/2021 7:27:54 PM, (359.2, 186.7, 1.5)
6/21/2021 7:27:55 PM, (359.3, 186.6, 1.5)
6/21/2021 7:27:55 PM, (359.2, 186.7, 1.5)
6/21/2021 7:27:55 PM, (359.2, 186.7, 1.5)
6/21/2021 7:27:55 PM, (359.2, 186.7, 1.6)
6/21/2021 7:27:55 PM, (359.3, 186.7, 1.6)
6/21/2021 7:27:55 PM, (359.3, 186.7, 1.6)
6/21/2021 7:27:55 PM, (359.3, 186.7, 1.6)
6/21/2021 7:27:55 PM, (359.3, 186.7, 1.7)
6/21/2021 7:27:55 PM, (359.3, 186.7, 1.6)
6/21/2021 7:27:56 PM, (359.3, 186.7, 1.7)
6/21/2021 7:27:56 PM, (359.3, 186.7, 1.6)
6/21/2021 7:27:56 PM, (359.3, 186.7, 1.7)
6/21/2021 7:27:56 PM, (359.3, 186.7, 1.6)
6/21/2021 7:27:56 PM, (359.2, 186.7, 1.7)
6/21/2021 7:27:56 PM, (359.2, 186.7, 1.7)
6/21/2021 7:27:56 PM, (359.3, 186.7, 1.7)
6/21/2021 7:27:56 PM, (359.4, 186.9, 1.4)
6/21/2021 7:27:56 PM, (359.3, 186.9, 1.6)
6/21/2021 7:27:57 PM, (359.1, 186.7, 1.7)
6/21/2021 7:27:57 PM, (359.2, 186.7, 1.8)
6/21/2021 7:27:57 PM, (359.1, 186.8, 1.8)
6/21/2021 7:27:57 PM, (359.1, 186.8, 1.9)
6/21/2021 7:27:57 PM, (359.1, 186.7, 1.9)
6/21/2021 7:27:57 PM, (359.1, 186.7, 1.9)
6/21/2021 7:29:26 PM, (0.0, 0.0, 0.0)
6/21/2021 7:29:26 PM, (13.2, 184.1, 0.4)
6/21/2021 7:29:26 PM, (13.2, 184.1, 0.4)
6/21/2021 7:29:26 PM, (13.2, 184.1, 0.4)
6/21/2021 7:29:26 PM, (13.2, 184.2, 0.4)
6/21/2021 7:29:27 PM, (13.1, 186.4, 0.6)
6/21/2021 7:29:27 PM, (14.9, 191.9, 359.6)
6/21/2021 7:29:27 PM, (17.2, 196.9, 359.4)
6/21/2021 7:29:27 PM, (17.4, 200.2, 2.5)
6/21/2021 7:29:27 PM, (17.4, 199.6, 4.1)
6/21/2021 7:29:27 PM, (17.3, 189.0, 3.2)
6/21/2021 7:29:27 PM, (16.4, 175.2, 2.7)
6/21/2021 7:29:27 PM, (12.6, 168.0, 3.6)
6/21/2021 7:29:27 PM, (9.7, 168.8, 4.1)
6/21/2021 7:29:28 PM, (7.9, 173.2, 5.5)
6/21/2021 7:29:28 PM, (8.2, 177.9, 6.8)
6/21/2021 7:29:28 PM, (8.3, 181.6, 8.2)
6/21/2021 7:29:28 PM, (9.4, 183.4, 7.2)
6/21/2021 7:29:28 PM, (10.9, 182.1, 4.2)
6/21/2021 7:29:28 PM, (11.1, 181.9, 3.3)
6/21/2021 7:29:28 PM, (10.7, 180.6, 4.8)
6/21/2021 7:29:28 PM, (8.4, 182.8, 9.2)
6/21/2021 7:29:28 PM, (7.4, 187.1, 9.4)
6/21/2021 7:29:29 PM, (9.2, 192.3, 8.8)
6/21/2021 7:29:29 PM, (10.3, 194.7, 6.6)
6/21/2021 7:29:29 PM, (9.0, 197.1, 7.0)
6/21/2021 7:29:29 PM, (9.1, 198.1, 3.8)
6/21/2021 7:29:29 PM, (9.2, 197.4, 2.8)
6/21/2021 7:29:29 PM, (7.5, 195.5, 3.8)
6/21/2021 7:29:29 PM, (6.9, 195.2, 4.3)
6/21/2021 7:29:29 PM, (6.8, 195.2, 4.4)
6/21/2021 7:29:29 PM, (6.7, 195.9, 4.7)
6/21/2021 7:29:30 PM, (6.7, 198.7, 5.1)
6/21/2021 7:29:30 PM, (6.9, 201.4, 5.9)
6/21/2021 7:29:30 PM, (7.2, 202.3, 5.8)
6/21/2021 7:29:30 PM, (6.9, 201.0, 5.6)
6/21/2021 7:29:30 PM, (6.9, 200.7, 5.4)
6/21/2021 7:29:30 PM, (7.2, 199.2, 4.5)
6/21/2021 7:29:30 PM, (7.2, 197.3, 4.0)
6/21/2021 7:29:30 PM, (7.3, 196.4, 3.9)
6/21/2021 7:29:31 PM, (7.4, 196.8, 3.8)
6/21/2021 7:29:31 PM, (7.8, 197.6, 3.3)
6/21/2021 7:29:31 PM, (7.9, 198.2, 3.1)
6/21/2021 7:29:31 PM, (17.2, 198.7, 0.5)
6/21/2021 7:29:31 PM, (14.3, 198.3, 4.9)
6/21/2021 7:29:31 PM, (16.3, 198.6, 3.5)
6/21/2021 7:29:31 PM, (14.6, 199.5, 5.2)
6/21/2021 7:29:31 PM, (12.8, 196.5, 4.3)
6/21/2021 7:29:31 PM, (2.7, 191.3, 4.9)
6/21/2021 7:29:32 PM, (0.4, 186.6, 10.2)
6/21/2021 7:29:32 PM, (2.7, 188.1, 5.1)
6/21/2021 7:29:32 PM, (3.8, 187.9, 3.6)
6/21/2021 7:29:32 PM, (2.9, 189.6, 4.9)
6/21/2021 7:29:32 PM, (5.5, 200.6, 4.7)
6/21/2021 7:29:32 PM, (7.3, 204.9, 3.3)
6/21/2021 7:29:32 PM, (6.1, 201.8, 4.2)
6/21/2021 7:29:32 PM, (5.5, 198.6, 4.1)
6/21/2021 7:29:32 PM, (5.9, 195.7, 2.5)
6/21/2021 7:29:33 PM, (6.1, 192.6, 1.3)
6/21/2021 7:29:33 PM, (6.3, 189.5, 359.7)
6/21/2021 7:29:33 PM, (6.3, 186.9, 359.4)
6/21/2021 7:29:33 PM, (5.6, 186.5, 0.1)
6/21/2021 7:29:33 PM, (5.6, 187.0, 360.0)
6/21/2021 7:29:33 PM, (5.6, 187.0, 359.9)
6/21/2021 7:29:33 PM, (5.5, 187.2, 0.2)
6/21/2021 7:29:33 PM, (5.6, 187.9, 0.2)
6/21/2021 7:29:33 PM, (5.4, 188.0, 0.5)
6/21/2021 7:29:34 PM, (5.0, 188.1, 1.2)
6/21/2021 7:29:34 PM, (4.8, 188.6, 1.5)
6/21/2021 7:29:34 PM, (5.1, 188.7, 1.1)
6/21/2021 7:29:34 PM, (5.2, 189.0, 1.2)
6/21/2021 7:29:34 PM, (5.4, 189.4, 0.9)
6/21/2021 7:29:34 PM, (5.3, 189.5, 1.1)
6/21/2021 7:29:34 PM, (5.1, 189.4, 1.3)
6/21/2021 7:29:34 PM, (5.2, 189.5, 1.2)
6/21/2021 7:29:34 PM, (5.5, 190.1, 1.0)
6/21/2021 7:29:35 PM, (5.4, 191.8, 1.7)
6/21/2021 7:29:35 PM, (5.8, 193.9, 1.6)
6/21/2021 7:29:35 PM, (5.6, 193.7, 1.9)
6/21/2021 7:29:35 PM, (5.1, 192.7, 2.4)
6/21/2021 7:29:35 PM, (4.8, 192.1, 2.6)
6/21/2021 7:29:35 PM, (4.3, 191.4, 3.0)
6/21/2021 7:29:35 PM, (4.2, 191.4, 3.0)
6/21/2021 7:29:35 PM, (4.0, 190.9, 3.0)
6/21/2021 7:29:35 PM, (3.4, 189.7, 3.3)
6/21/2021 7:29:36 PM, (2.8, 188.9, 3.7)
6/21/2021 7:29:36 PM, (2.8, 189.0, 3.5)
6/21/2021 7:29:36 PM, (3.0, 189.5, 3.2)
6/21/2021 7:29:36 PM, (3.0, 189.7, 3.1)
6/21/2021 7:29:36 PM, (2.9, 189.6, 3.2)
6/21/2021 7:29:36 PM, (2.9, 189.8, 3.1)
6/21/2021 7:29:36 PM, (3.0, 190.0, 3.2)
6/21/2021 7:29:36 PM, (3.0, 190.3, 3.1)
6/21/2021 7:29:36 PM, (2.9, 190.3, 3.2)
6/21/2021 7:29:37 PM, (3.0, 190.2, 3.2)
6/21/2021 7:29:37 PM, (3.1, 190.4, 3.2)
6/21/2021 7:29:37 PM, (3.0, 190.4, 3.5)
6/21/2021 7:29:37 PM, (3.1, 190.4, 3.3)
6/21/2021 7:29:37 PM, (3.0, 190.5, 3.4)
6/21/2021 7:29:37 PM, (3.1, 190.4, 3.4)
6/21/2021 7:29:37 PM, (3.1, 190.4, 3.5)
6/21/2021 7:29:37 PM, (3.1, 190.4, 3.4)
6/21/2021 7:29:37 PM, (3.1, 190.4, 3.5)
6/21/2021 7:29:38 PM, (3.2, 190.3, 3.3)
6/21/2021 7:29:38 PM, (2.9, 190.1, 3.6)
6/21/2021 7:29:38 PM, (2.8, 190.1, 3.7)
6/21/2021 7:29:38 PM, (2.8, 190.2, 3.6)
6/21/2021 7:29:38 PM, (2.8, 190.2, 3.5)
6/21/2021 7:29:38 PM, (2.7, 190.2, 3.5)
6/21/2021 7:29:38 PM, (2.8, 190.3, 3.4)
6/21/2021 7:29:38 PM, (2.9, 190.5, 3.4)
6/21/2021 7:29:39 PM, (3.3, 190.7, 3.2)
6/21/2021 7:29:39 PM, (3.2, 190.7, 3.2)
6/21/2021 7:29:39 PM, (3.2, 190.6, 3.3)
6/21/2021 7:29:39 PM, (3.2, 190.8, 3.3)
6/21/2021 7:29:39 PM, (3.2, 190.6, 3.4)
6/21/2021 7:29:39 PM, (3.0, 190.6, 3.5)
6/21/2021 7:29:39 PM, (3.2, 190.6, 3.4)
6/21/2021 7:29:39 PM, (3.1, 190.6, 3.4)
6/21/2021 7:29:39 PM, (3.1, 190.5, 3.3)
6/21/2021 7:29:40 PM, (3.0, 190.4, 3.3)
6/21/2021 7:29:40 PM, (3.1, 190.5, 3.3)
6/21/2021 7:29:40 PM, (3.1, 190.6, 3.2)
6/21/2021 7:29:40 PM, (3.1, 190.6, 3.2)
6/21/2021 7:29:40 PM, (3.1, 190.6, 3.2)
6/21/2021 7:29:40 PM, (3.1, 190.6, 3.3)
6/21/2021 7:29:40 PM, (3.1, 190.6, 3.3)
6/21/2021 7:29:41 PM, (3.1, 190.6, 3.2)
6/21/2021 7:29:41 PM, (3.1, 190.7, 3.3)
6/21/2021 7:29:41 PM, (3.2, 190.7, 3.2)
6/21/2021 7:29:41 PM, (3.2, 190.8, 3.3)
6/21/2021 7:29:41 PM, (3.2, 190.8, 3.3)
6/21/2021 7:29:41 PM, (3.3, 190.9, 3.2)
6/21/2021 7:29:41 PM, (3.3, 191.0, 3.1)
6/21/2021 7:29:41 PM, (3.3, 190.9, 3.2)
6/21/2021 7:29:42 PM, (3.2, 190.9, 3.2)
6/21/2021 7:29:42 PM, (3.2, 190.9, 3.2)
6/21/2021 7:29:42 PM, (3.1, 190.9, 3.3)
6/21/2021 7:29:42 PM, (3.1, 190.8, 3.3)
6/21/2021 7:29:42 PM, (3.1, 190.9, 3.2)
6/21/2021 7:29:42 PM, (3.1, 190.9, 3.3)
6/21/2021 7:29:42 PM, (3.5, 191.7, 3.1)
6/21/2021 7:29:42 PM, (4.5, 194.2, 2.2)
6/21/2021 7:29:43 PM, (4.0, 192.9, 2.8)
6/21/2021 7:29:43 PM, (3.8, 192.3, 3.0)
6/21/2021 7:29:43 PM, (3.8, 192.5, 2.8)
6/21/2021 7:29:43 PM, (3.7, 192.5, 2.9)
6/21/2021 7:29:43 PM, (3.5, 192.7, 3.1)
6/21/2021 7:29:43 PM, (3.7, 192.0, 3.3)
6/21/2021 7:29:43 PM, (3.8, 192.7, 3.2)
6/21/2021 7:29:43 PM, (4.4, 193.5, 3.0)
6/21/2021 7:29:43 PM, (3.9, 195.0, 3.9)
6/21/2021 7:29:44 PM, (3.0, 195.0, 4.7)
6/21/2021 7:29:44 PM, (1.9, 194.6, 5.8)
6/21/2021 7:29:44 PM, (1.7, 194.4, 6.1)
6/21/2021 7:29:44 PM, (2.2, 194.8, 5.3)
6/21/2021 7:29:44 PM, (2.5, 195.3, 5.1)
6/21/2021 7:29:44 PM, (2.6, 195.2, 4.8)
6/21/2021 7:29:44 PM, (2.2, 194.7, 5.0)
6/21/2021 7:29:44 PM, (2.1, 194.1, 5.4)
6/21/2021 7:29:45 PM, (2.0, 194.1, 5.9)
6/21/2021 7:29:45 PM, (1.8, 193.9, 5.8)
6/21/2021 7:29:45 PM, (2.2, 193.3, 5.0)
6/21/2021 7:29:45 PM, (2.4, 194.5, 4.6)
6/21/2021 7:29:45 PM, (2.1, 195.0, 4.8)
6/21/2021 7:29:45 PM, (1.8, 194.9, 5.0)
6/21/2021 7:29:45 PM, (1.4, 195.1, 5.6)
6/21/2021 7:29:45 PM, (1.3, 195.4, 5.7)
6/21/2021 7:29:45 PM, (1.4, 195.6, 5.7)
6/21/2021 7:29:46 PM, (1.3, 195.6, 5.8)
6/21/2021 7:29:46 PM, (1.3, 195.6, 5.8)
6/21/2021 7:29:46 PM, (1.4, 195.5, 5.7)
6/21/2021 7:29:46 PM, (1.5, 195.6, 5.6)
6/21/2021 7:29:46 PM, (1.5, 195.6, 5.6)
6/21/2021 7:29:46 PM, (1.4, 195.6, 5.6)
6/21/2021 7:29:46 PM, (1.4, 195.5, 5.6)
6/21/2021 7:29:46 PM, (1.4, 195.5, 5.6)
6/21/2021 7:29:46 PM, (1.3, 195.6, 5.6)
6/21/2021 7:29:47 PM, (1.4, 195.5, 5.7)
6/21/2021 7:29:47 PM, (1.5, 195.6, 5.5)
6/21/2021 7:29:47 PM, (1.6, 195.6, 5.3)
6/21/2021 7:29:47 PM, (1.5, 195.6, 5.4)
6/21/2021 7:29:47 PM, (1.4, 195.5, 5.4)
6/21/2021 7:29:47 PM, (1.4, 195.6, 5.4)
6/21/2021 7:29:47 PM, (1.4, 195.6, 5.4)
6/21/2021 7:29:47 PM, (1.4, 195.6, 5.4)
6/21/2021 7:29:48 PM, (1.3, 195.5, 5.5)
6/21/2021 7:29:48 PM, (1.3, 195.5, 5.4)
6/21/2021 7:29:48 PM, (1.4, 195.6, 5.5)
6/21/2021 7:29:48 PM, (1.5, 195.6, 5.3)
6/21/2021 7:29:48 PM, (1.4, 195.6, 5.5)
6/21/2021 7:29:48 PM, (1.4, 195.6, 5.5)
6/21/2021 7:29:48 PM, (1.4, 195.6, 5.6)
6/21/2021 7:29:48 PM, (1.4, 195.6, 5.5)
6/21/2021 7:29:48 PM, (1.4, 195.7, 5.5)
6/21/2021 7:29:49 PM, (1.4, 195.7, 5.6)
6/21/2021 7:29:49 PM, (1.3, 195.7, 5.7)
6/21/2021 7:29:49 PM, (1.1, 195.6, 6.0)
6/21/2021 7:29:49 PM, (0.5, 195.3, 6.3)
6/21/2021 7:29:49 PM, (0.4, 194.8, 6.1)
6/21/2021 7:29:49 PM, (0.7, 196.2, 5.8)
6/21/2021 7:29:49 PM, (1.3, 198.0, 5.5)
6/21/2021 7:29:49 PM, (1.4, 198.3, 5.0)
6/21/2021 7:29:50 PM, (1.2, 197.7, 5.2)
6/21/2021 7:29:50 PM, (1.1, 197.4, 5.5)
6/21/2021 7:29:50 PM, (1.3, 196.9, 5.1)
6/21/2021 7:29:50 PM, (1.3, 195.5, 4.8)
6/21/2021 7:29:50 PM, (1.3, 193.7, 4.8)
6/21/2021 7:29:50 PM, (1.3, 193.6, 5.0)
6/21/2021 7:29:50 PM, (2.5, 195.0, 3.7)
6/21/2021 7:29:50 PM, (3.2, 196.2, 3.1)
6/21/2021 7:29:51 PM, (8.6, 199.8, 359.2)
6/21/2021 7:29:51 PM, (9.4, 200.2, 359.7)
6/21/2021 7:29:51 PM, (10.6, 199.0, 1.9)
6/21/2021 7:29:51 PM, (10.5, 191.8, 2.6)
6/21/2021 7:29:51 PM, (8.7, 181.2, 3.5)
6/21/2021 7:29:51 PM, (10.0, 172.5, 1.2)
6/21/2021 7:29:51 PM, (11.5, 171.0, 0.5)
6/21/2021 7:29:51 PM, (17.3, 181.6, 359.3)
6/21/2021 7:29:51 PM, (23.8, 202.8, 3.9)
6/21/2021 7:29:52 PM, (26.8, 227.8, 12.7)
6/21/2021 7:29:52 PM, (26.0, 238.2, 19.2)
6/21/2021 7:29:52 PM, (26.9, 239.1, 19.1)
6/21/2021 7:29:52 PM, (22.7, 225.8, 12.4)
6/21/2021 7:29:52 PM, (16.8, 204.7, 8.5)
6/21/2021 7:29:52 PM, (6.7, 191.3, 6.3)
6/21/2021 7:29:52 PM, (359.1, 194.5, 4.6)
6/21/2021 7:29:52 PM, (355.4, 206.1, 5.0)
6/21/2021 7:29:52 PM, (356.4, 228.0, 6.9)
6/21/2021 7:29:53 PM, (0.1, 241.6, 8.2)
6/21/2021 7:29:53 PM, (0.3, 242.0, 9.3)
6/21/2021 7:29:53 PM, (359.7, 231.0, 6.3)
6/21/2021 7:29:53 PM, (1.1, 211.8, 4.9)
6/21/2021 7:29:53 PM, (7.4, 193.3, 3.4)
6/21/2021 7:29:53 PM, (18.0, 184.8, 359.7)
6/21/2021 7:29:53 PM, (29.7, 194.0, 359.7)
6/21/2021 7:29:53 PM, (38.0, 215.4, 7.7)
6/21/2021 7:29:53 PM, (41.0, 240.0, 19.4)
6/21/2021 7:29:54 PM, (41.4, 255.4, 25.4)
6/21/2021 7:29:54 PM, (44.7, 246.5, 20.6)
6/21/2021 7:29:54 PM, (50.0, 224.6, 8.0)
6/21/2021 7:29:54 PM, (51.9, 198.1, 352.4)
6/21/2021 7:29:54 PM, (48.6, 201.5, 355.5)
6/21/2021 7:29:54 PM, (44.8, 222.1, 8.0)
6/21/2021 7:29:54 PM, (38.9, 244.1, 19.7)
6/21/2021 7:29:54 PM, (36.8, 253.8, 24.1)
6/21/2021 7:29:54 PM, (40.0, 238.2, 17.8)
6/21/2021 7:29:55 PM, (41.7, 211.4, 3.3)
6/21/2021 7:29:55 PM, (42.1, 209.6, 3.8)
6/21/2021 7:29:55 PM, (38.5, 235.6, 17.4)
6/21/2021 7:29:55 PM, (33.6, 243.8, 21.3)
6/21/2021 7:29:55 PM, (29.3, 233.1, 16.9)
6/21/2021 7:29:55 PM, (21.1, 213.6, 7.6)
6/21/2021 7:29:55 PM, (12.4, 198.6, 4.2)
6/21/2021 7:29:55 PM, (7.9, 189.9, 3.6)
6/21/2021 7:29:56 PM, (5.8, 187.2, 5.3)
6/21/2021 7:29:56 PM, (6.0, 188.4, 5.0)
6/21/2021 7:29:56 PM, (6.4, 189.4, 5.9)
6/21/2021 7:29:56 PM, (6.3, 189.4, 6.6)
6/21/2021 7:29:56 PM, (2.3, 191.9, 5.0)
6/21/2021 7:29:56 PM, (358.3, 190.4, 6.6)
6/21/2021 7:29:56 PM, (356.9, 190.1, 5.8)
6/21/2021 7:29:56 PM, (357.3, 191.7, 3.8)
6/21/2021 7:29:56 PM, (356.5, 192.3, 3.4)
6/21/2021 7:29:57 PM, (357.1, 193.5, 2.2)
6/21/2021 7:29:57 PM, (357.2, 194.2, 2.8)
6/21/2021 7:29:57 PM, (356.9, 193.9, 4.1)
6/21/2021 7:29:57 PM, (357.1, 194.3, 3.8)
6/21/2021 7:29:57 PM, (357.0, 194.6, 4.1)
6/21/2021 7:29:57 PM, (356.8, 195.0, 4.5)
6/21/2021 7:29:57 PM, (356.6, 194.9, 4.8)
6/21/2021 7:29:57 PM, (356.6, 195.1, 4.6)
6/21/2021 7:29:57 PM, (356.5, 195.1, 4.6)
6/21/2021 7:29:58 PM, (356.7, 195.2, 4.5)
6/21/2021 7:29:58 PM, (356.6, 195.4, 4.5)
6/21/2021 7:29:58 PM, (356.7, 195.4, 4.4)
6/21/2021 7:29:58 PM, (356.8, 195.5, 4.5)
6/21/2021 7:29:58 PM, (356.9, 195.6, 4.4)
6/21/2021 7:29:58 PM, (356.8, 195.7, 4.5)
6/21/2021 7:29:58 PM, (356.8, 195.7, 4.5)
6/21/2021 7:29:58 PM, (356.8, 195.8, 4.4)
6/21/2021 7:29:58 PM, (356.9, 195.9, 4.4)
6/21/2021 7:29:59 PM, (356.9, 196.0, 4.5)
6/21/2021 7:29:59 PM, (356.8, 196.0, 4.4)
6/21/2021 7:29:59 PM, (356.7, 196.1, 4.5)
6/21/2021 7:29:59 PM, (356.8, 196.1, 4.6)
6/21/2021 7:29:59 PM, (357.6, 195.8, 4.5)
6/21/2021 7:29:59 PM, (358.7, 195.3, 4.1)
6/21/2021 7:29:59 PM, (359.3, 196.1, 3.5)
6/21/2021 7:29:59 PM, (359.6, 196.8, 3.4)
6/21/2021 7:29:59 PM, (359.0, 198.0, 3.7)
6/21/2021 7:30:00 PM, (357.7, 197.9, 5.1)
6/21/2021 7:30:00 PM, (357.2, 197.7, 5.5)
6/21/2021 7:30:00 PM, (357.0, 197.5, 6.0)
6/21/2021 7:30:00 PM, (357.0, 197.5, 5.9)
6/21/2021 7:30:00 PM, (357.6, 197.8, 5.3)
6/21/2021 7:30:00 PM, (357.8, 197.8, 5.5)
6/21/2021 7:30:00 PM, (358.3, 198.0, 4.8)
6/21/2021 7:30:00 PM, (358.1, 198.2, 4.7)
6/21/2021 7:30:01 PM, (358.0, 198.3, 4.9)
6/21/2021 7:30:01 PM, (357.5, 197.9, 5.4)
6/21/2021 7:30:01 PM, (357.3, 197.7, 5.5)
6/21/2021 7:30:01 PM, (357.3, 197.8, 5.5)
6/21/2021 7:30:01 PM, (357.4, 197.8, 5.5)
6/21/2021 7:30:01 PM, (357.4, 198.1, 5.3)
6/21/2021 7:30:01 PM, (357.3, 198.1, 5.3)
6/21/2021 7:30:01 PM, (357.1, 198.0, 5.4)
6/21/2021 7:30:01 PM, (356.8, 197.6, 6.0)
6/21/2021 7:30:02 PM, (357.1, 197.6, 6.1)
6/21/2021 7:30:02 PM, (357.0, 198.2, 6.5)
6/21/2021 7:30:02 PM, (357.5, 198.7, 6.1)
6/21/2021 7:30:02 PM, (357.8, 198.4, 5.5)
6/21/2021 7:30:02 PM, (358.0, 198.7, 5.1)
6/21/2021 7:30:02 PM, (357.8, 198.8, 5.4)
6/21/2021 7:30:02 PM, (357.9, 199.2, 5.5)
6/21/2021 7:30:02 PM, (358.9, 200.4, 4.8)
6/21/2021 7:30:02 PM, (357.9, 200.2, 5.7)
6/21/2021 7:30:03 PM, (357.4, 200.2, 6.2)
6/21/2021 7:30:03 PM, (357.0, 200.1, 6.5)
6/21/2021 7:30:03 PM, (356.9, 199.9, 6.7)
6/21/2021 7:30:03 PM, (356.7, 199.8, 6.8)
6/21/2021 7:30:03 PM, (356.8, 200.0, 6.6)
6/21/2021 7:30:03 PM, (356.6, 200.0, 6.7)
6/21/2021 7:30:03 PM, (356.7, 199.9, 6.6)
6/21/2021 7:30:03 PM, (356.7, 199.9, 6.6)
6/21/2021 7:30:03 PM, (356.6, 199.6, 6.6)
6/21/2021 7:30:04 PM, (356.6, 199.6, 6.6)
6/21/2021 7:30:04 PM, (356.5, 199.6, 6.5)
6/21/2021 7:30:04 PM, (356.4, 199.5, 6.6)
6/21/2021 7:30:04 PM, (356.5, 199.5, 6.4)
6/21/2021 7:30:04 PM, (356.3, 199.5, 6.6)
6/21/2021 7:30:04 PM, (356.4, 199.5, 6.5)
6/21/2021 7:30:04 PM, (356.4, 199.5, 6.4)
6/21/2021 7:30:04 PM, (356.3, 199.5, 6.5)
6/21/2021 7:30:04 PM, (356.3, 199.4, 6.5)
6/21/2021 7:30:05 PM, (356.3, 199.4, 6.4)
6/21/2021 7:30:05 PM, (356.3, 199.4, 6.5)
6/21/2021 7:30:05 PM, (356.3, 199.3, 6.5)
6/21/2021 7:30:05 PM, (356.3, 199.3, 6.5)
6/21/2021 7:30:05 PM, (356.3, 199.3, 6.4)
6/21/2021 7:30:05 PM, (356.2, 199.4, 6.5)
6/21/2021 7:30:05 PM, (356.0, 199.2, 6.5)
6/21/2021 7:30:05 PM, (355.9, 199.2, 6.5)
6/21/2021 7:30:05 PM, (355.9, 199.1, 6.6)
6/21/2021 7:30:06 PM, (355.8, 199.1, 6.6)
6/21/2021 7:30:06 PM, (355.9, 199.1, 6.5)
6/21/2021 7:30:06 PM, (355.8, 199.2, 6.7)
6/21/2021 7:30:06 PM, (355.8, 199.1, 6.6)
6/21/2021 7:30:06 PM, (355.8, 199.2, 6.6)
6/21/2021 7:30:06 PM, (355.9, 199.2, 6.6)
6/21/2021 7:30:06 PM, (355.9, 199.2, 6.6)
6/21/2021 7:30:06 PM, (355.9, 199.2, 6.5)
6/21/2021 7:30:06 PM, (355.8, 199.1, 6.5)
6/21/2021 7:30:07 PM, (355.8, 199.1, 6.6)
6/21/2021 7:30:07 PM, (355.8, 199.1, 6.5)
6/21/2021 7:30:07 PM, (355.8, 199.2, 6.5)
6/21/2021 7:30:07 PM, (355.8, 199.3, 6.5)
6/21/2021 7:30:07 PM, (355.7, 199.2, 6.6)
6/21/2021 7:30:07 PM, (355.7, 199.2, 6.7)
6/21/2021 7:30:07 PM, (355.7, 199.2, 6.7)
6/21/2021 7:30:07 PM, (355.4, 199.1, 6.9)
6/21/2021 7:30:07 PM, (354.7, 198.4, 7.7)
6/21/2021 7:30:08 PM, (354.8, 198.5, 7.4)
6/21/2021 7:30:08 PM, (354.8, 198.7, 7.3)
6/21/2021 7:30:08 PM, (353.9, 198.1, 8.0)
6/21/2021 7:30:08 PM, (353.8, 198.0, 7.9)
6/21/2021 7:30:08 PM, (353.7, 198.1, 8.1)
6/21/2021 7:30:08 PM, (353.4, 197.9, 8.0)
6/21/2021 7:30:08 PM, (353.5, 198.0, 8.1)
6/21/2021 7:30:08 PM, (353.5, 198.1, 8.1)
6/21/2021 7:30:08 PM, (353.7, 198.3, 7.8)
6/21/2021 7:30:09 PM, (353.7, 198.3, 7.9)
6/21/2021 7:30:09 PM, (353.6, 198.1, 8.0)
6/21/2021 7:30:09 PM, (353.7, 198.1, 7.9)
6/21/2021 7:30:09 PM, (353.7, 198.2, 7.9)
