Time,#Frame,Speed_X,Speed_Y,Speed_Z,Speed_Mag,Angular_Speed_X,Angular_Speed_Y,Angular_Speed_Z,Angular_Speed_Mag,Center_of_mass_X,Center_of_mass_Y,Center_of_mass_Z,
12-04-38-779, 1134, 0, 0, 0, 0,0, 0, 0, 0, 0, 0, 0
12-04-38-823, 1135, -0.0001525879, -0.03584814, -3.051758E-05, 0.03584848,0.0001814279, 3.435478E-05, -0.000304133, 0.0003557994, 0, 0, 0
12-04-38-841, 1136, 0.9130554, 1.52923, 1.389679, 2.259076,-0.7744935, 2.533307, -3.027337, 4.022717, 0, 0, 0
12-04-38-855, 1137, 0.9129333, 1.411762, 1.390289, 2.18161,-0.774515, 2.533199, -3.027296, 4.022623, 0, 0, 0
12-04-38-871, 1138, 0.9133301, 1.351343, 1.389954, 2.142958,-0.7747091, 2.533557, -3.02704, 4.022693, 0, 0, 0
12-04-38-886, 1139, 0.9131775, 1.294202, 1.390381, 2.107608,-0.7747588, 2.533381, -3.027184, 4.022699, 0, 0, 0
12-04-38-901, 1140, 0.913269, 1.217556, 1.390411, 2.061491,-0.7747998, 2.53313, -3.027246, 4.022596, 0, 0, 0
12-04-38-915, 1141, 0.913269, 1.151707, 1.390564, 2.023402,-0.7746375, 2.53311, -3.027452, 4.022707, 0, 0, 0
12-04-38-933, 1142, 0.9132385, 1.086219, 1.3909, 1.987078,-0.7745455, 2.533678, -3.027423, 4.023025, 0, 0, 0
12-04-38-948, 1143, 0.9133301, 1.026678, 1.39093, 1.95523,-0.7746949, 2.533851, -3.027604, 4.0233, 0, 0, 0
12-04-38-963, 1144, 0.9136047, 0.9311762, 1.390869, 1.906903,-0.7748282, 2.533956, -3.027648, 4.023424, 0, 0, 0
12-04-38-978, 1145, 0.9136963, 0.8663476, 1.39093, 1.876189,-0.774941, 2.534433, -3.027824, 4.023879, 0, 0, 0
12-04-38-993, 1146, 0.9138794, 0.7919445, 1.390747, 1.842968,-0.7751004, 2.534701, -3.02754, 4.023865, 0, 0, 0
12-04-39-006, 1147, 0.9141235, 0.733458, 1.3909, 1.818841,-0.7750853, 2.534999, -3.027799, 4.024244, 0, 0, 0
12-04-39-022, 1148, 0.9142151, 0.6837471, 1.391052, 1.799535,-0.7751432, 2.535008, -3.027741, 4.024218, 0, 0, 0
12-04-39-036, 1149, 0.9143982, 0.6087797, 1.3909, 1.772382,-0.7751821, 2.535341, -3.027666, 4.024379, 0, 0, 0
12-04-39-048, 1150, 0.9147644, 0.5423174, 1.39093, 1.750882,-0.7750657, 2.53617, -3.027153, 4.024493, 0, 0, 0
12-04-39-063, 1151, 0.9150391, 0.49195, 1.390839, 1.736014,-0.7747407, 2.536449, -3.027271, 4.024694, 0, 0, 0
12-04-39-079, 1152, 0.9151611, 0.4417872, 1.390961, 1.722634,-0.7747405, 2.536638, -3.027488, 4.024977, 0, 0, 0
12-04-39-094, 1153, 0.9154053, 0.3663745, 1.390961, 1.704983,-0.7748131, 2.536574, -3.027796, 4.025182, 0, 0, 0
12-04-39-108, 1154, 0.915802, 0.3005495, 1.390808, 1.69215,-0.7745986, 2.536484, -3.028342, 4.025495, 0, 0, 0
12-04-39-121, 1155, 0.9159241, 0.234381, 1.390869, 1.681775,-0.7747961, 2.536393, -3.028053, 4.025258, 0, 0, 0
12-04-39-135, 1156, 0.9159546, 0.1924736, 1.391022, 1.676592,-0.7749738, 2.536463, -3.027759, 4.025115, 0, 0, 0
12-04-39-148, 1157, 0.9160156, 0.1256723, 1.391113, 1.670352,-0.7753064, 2.536182, -3.027404, 4.024735, 0, 0, 0
12-04-39-163, 1158, 0.9161377, 0.07607555, 1.391418, 1.667675,-0.7754313, 2.535898, -3.026314, 4.023761, 0, 0, 0
12-04-39-178, 1159, 0.9163818, 0.01702666, 1.391449, 1.666186,-0.7754514, 2.535593, -3.026444, 4.02367, 0, 0, 0
12-04-39-192, 1160, 0.916626, -0.04894042, 1.391418, 1.666926,-0.7753929, 2.535433, -3.026788, 4.023817, 0, 0, 0
12-04-39-205, 1161, 0.9169312, -0.1151376, 1.391602, 1.670501,-0.7748967, 2.536099, -3.027986, 4.025042, 0, 0, 0
12-04-39-220, 1162, 0.9170227, -0.1649039, 1.391754, 1.674844,-0.7745032, 2.53612, -3.028604, 4.025444, 0, 0, 0
12-04-39-235, 1163, 0.9171753, -0.225523, 1.391815, 1.682029,-0.7743941, 2.536233, -3.028861, 4.025688, 0, 0, 0
12-04-39-248, 1164, 0.9172668, -0.2880378, 1.391937, 1.691695,-0.7743996, 2.536331, -3.028884, 4.025768, 0, 0, 0
12-04-39-263, 1165, 0.9174194, -0.3472593, 1.392059, 1.702961,-0.7743236, 2.536703, -3.028221, 4.025489, 0, 0, 0
12-04-39-279, 1166, 0.91745, -0.404428, 1.392181, 1.715647,-0.7743611, 2.536978, -3.027888, 4.025419, 0, 0, 0
12-04-39-294, 1167, 0.9174194, -0.4790311, 1.392395, 1.734904,-0.7745008, 2.537267, -3.028047, 4.025747, 0, 0, 0
12-04-39-309, 1168, 0.9179382, -0.5463946, 1.392212, 1.754825,-0.7745318, 2.537729, -3.027947, 4.02597, 0, 0, 0
12-04-39-323, 1169, 0.9180603, -0.6131701, 1.392334, 1.776909,-0.774511, 2.537885, -3.028059, 4.026148, 0, 0, 0
12-04-39-338, 1170, 0.9183655, -0.6784687, 1.392151, 1.8005,-0.7745677, 2.53801, -3.028274, 4.0264, 0, 0, 0
12-04-39-353, 1171, 0.9187622, -0.7362053, 1.392059, 1.823171,-0.7750821, 2.537895, -3.028117, 4.026308, 0, 0, 0
12-04-39-368, 1172, 0.9189758, -0.8022413, 1.391815, 1.850745,-0.7754381, 2.537558, -3.027973, 4.026056, 0, 0, 0
12-04-39-380, 1173, 0.9190674, -0.8677948, 1.391815, 1.880134,-0.775838, 2.537225, -3.027991, 4.025936, 0, 0, 0
12-04-39-395, 1174, 0.9190674, -0.9174573, 1.392181, 1.903834,-0.7763519, 2.536595, -3.028032, 4.02567, 0, 0, 0
12-04-39-409, 1175, 0.9192505, -0.9762113, 1.391998, 1.932788,-0.7766078, 2.536057, -3.028158, 4.025475, 0, 0, 0
12-04-39-423, 1176, 0.9193726, -1.044497, 1.391937, 1.968174,-0.776886, 2.535898, -3.028034, 4.025335, 0, 0, 0
12-04-39-437, 1177, 0.9194946, -1.091189, 1.391846, 1.993338,-0.7772112, 2.535618, -3.028059, 4.025239, 0, 0, 0
12-04-39-452, 1178, 0.9197388, -1.157406, 1.391785, 2.030412,-0.7775731, 2.53511, -3.028157, 4.025064, 0, 0, 0
12-04-39-465, 1179, 0.9200134, -1.215386, 1.391541, 2.06397,-0.7775675, 2.535215, -3.027987, 4.025001, 0, 0, 0
12-04-39-478, 1180, 0.920105, -1.272694, 1.39151, 2.098248,-0.777708, 2.535307, -3.027845, 4.024979, 0, 0, 0
12-04-39-492, 1181, 0.9203186, -1.330162, 1.391449, 2.133646,-0.7777979, 2.535353, -3.027664, 4.024889, 0, 0, 0
12-04-39-505, 1182, 0.9205322, -1.380098, 1.391327, 2.165142,-0.7777719, 2.534992, -3.027468, 4.024509, 0, 0, 0
12-04-39-517, 1183, 0.9206543, -1.423625, 1.391266, 2.193156,-0.7777647, 2.534751, -3.02713, 4.024102, 0, 0, 0
12-04-39-530, 1184, 0.9205933, -1.479884, 1.391388, 2.230137,-0.7776311, 2.534369, -3.027186, 4.023878, 0, 0, 0
12-04-39-543, 1185, 0.9205627, -1.515377, 1.391357, 2.253814,-0.7778035, 2.533757, -3.027419, 4.023701, 0, 0, 0
12-04-39-555, 1186, 0.9206848, -1.576277, 1.391174, 2.295142,-0.777981, 2.533204, -3.027395, 4.023369, 0, 0, 0
12-04-39-569, 1187, 0.9207764, -1.623414, 1.391052, 2.32773,-0.7780679, 2.532741, -3.027779, 4.023383, 0, 0, 0
12-04-39-581, 1188, 0.9208984, -1.629681, 1.390839, 2.332026,-0.7780811, 2.531774, -3.027839, 4.022822, 0, 0, 0
12-04-39-595, 1189, 0.92099, -1.629708, 1.390717, 2.332009,-0.7779639, 2.531505, -3.027848, 4.022637, 0, 0, 0
12-04-39-608, 1190, 0.9208984, -1.629693, 1.391083, 2.33218,-0.7779304, 2.531009, -3.028037, 4.022461, 0, 0, 0
12-04-39-621, 1191, 0.92099, -1.62974, 1.391022, 2.332213,-0.7774166, 2.530685, -3.02813, 4.022228, 0, 0, 0
12-04-39-634, 1192, 0.9212036, -1.629846, 1.390778, 2.332226,-0.7771111, 2.530341, -3.028044, 4.021887, 0, 0, 0
12-04-39-648, 1193, 0.9213562, -1.629933, 1.390503, 2.332183,-0.7768479, 2.529803, -3.027886, 4.021379, 0, 0, 0
12-04-39-661, 1194, 0.9214783, -1.629983, 1.390137, 2.332048,-0.7770491, 2.529198, -3.027437, 4.0207, 0, 0, 0
12-04-39-674, 1195, 0.9214478, -1.629987, 1.390015, 2.331966,-0.7770513, 2.529059, -3.027451, 4.020623, 0, 0, 0
12-04-39-690, 1196, 0.9215393, -1.630059, 1.389557, 2.331779,-0.7769365, 2.528337, -3.027696, 4.020331, 0, 0, 0
12-04-39-704, 1197, 0.9216003, -1.630186, 1.389374, 2.331783,-0.7769419, 2.527748, -3.02806, 4.020236, 0, 0, 0
12-04-39-717, 1198, 0.9217224, -1.630341, 1.389191, 2.331831,-0.7762547, 2.527324, -3.028918, 4.020483, 0, 0, 0
12-04-39-729, 1199, 0.9219666, -1.630524, 1.388794, 2.331819,-0.7761294, 2.52762, -3.028294, 4.020175, 0, 0, 0
12-04-39-747, 1200, 0.9223328, -1.630635, 1.388397, 2.331805,-0.7760906, 2.527422, -3.02804, 4.019852, 0, 0, 0
12-04-39-770, 1201, 0.9225769, -1.630573, 1.388153, 2.331713,-0.7765808, 2.527133, -3.027534, 4.019383, 0, 0, 0
12-04-39-792, 1202, 0.9226074, -1.630625, 1.388092, 2.331725,-0.7772002, 2.527083, -3.026865, 4.018967, 0, 0, 0
12-04-39-813, 1203, 0.9229126, -1.630598, 1.387512, 2.331481,-0.7774782, 2.526504, -3.026904, 4.018686, 0, 0, 0
12-04-39-838, 1204, 0.9232788, -1.630634, 1.386932, 2.331307,-0.7780431, 2.526079, -3.027091, 4.01867, 0, 0, 0
12-04-39-858, 1205, 0.9235535, -1.630701, 1.386627, 2.331281,-0.7778605, 2.525239, -3.027128, 4.018135, 0, 0, 0
12-04-39-881, 1206, 0.9234619, -1.630565, 1.386749, 2.331222,-0.7775855, 2.525356, -3.027212, 4.018218, 0, 0, 0
12-04-39-903, 1207, 0.9235535, -1.630522, 1.386566, 2.33112,-0.778172, 2.525556, -3.027731, 4.018847, 0, 0, 0
12-04-39-925, 1208, 0.9236145, -1.630227, 1.386383, 2.330828,-0.7794935, 2.525271, -3.028392, 4.019423, 0, 0, 0
12-04-39-947, 1209, 0.9238892, -1.629959, 1.385986, 2.330514,-0.7807954, 2.524965, -3.028289, 4.019406, 0, 0, 0
12-04-39-971, 1210, 0.923584, -1.629153, 1.386719, 2.330265,-0.7829294, 2.524712, -3.028388, 4.019737, 0, 0, 0
12-04-39-992, 1211, 0.9238586, -1.628069, 1.386597, 2.329544,-0.7860255, 2.525059, -3.028527, 4.020663, 0, 0, 0
12-04-40-014, 1212, 0.9239807, -1.626434, 1.38678, 2.328558,-0.7941537, 2.524852, -3.030141, 4.023346, 0, 0, 0
12-04-40-037, 1213, 0.9237976, -1.622772, 1.386963, 2.326039,-0.8084184, 2.526734, -3.032657, 4.02926, 0, 0, 0
12-04-40-060, 1214, 0.9244385, -1.617376, 1.387146, 2.322642,-0.8274641, 2.529438, -3.036484, 4.037697, 0, 0, 0
12-04-40-080, 1215, 0.9256287, -1.611257, 1.38797, 2.319353,-0.8477871, 2.530604, -3.040495, 4.045654, 0, 0, 0
12-04-40-104, 1216, 0.9270325, -1.604237, 1.390198, 2.31638,-0.8723167, 2.533051, -3.04291, 4.054206, 0, 0, 0
12-04-40-125, 1217, 0.9283752, -1.595466, 1.393768, 2.313003,-0.9016449, 2.536386, -3.042302, 4.062243, 0, 0, 0
12-04-40-147, 1218, 0.929657, -1.586322, 1.398132, 2.30986,-0.9321548, 2.539787, -3.040768, 4.070098, 0, 0, 0
12-04-40-169, 1219, 0.9303894, -1.581234, 1.402435, 2.309275,-0.9477305, 2.543307, -3.040285, 4.075529, 0, 0, 0
12-04-40-192, 1220, 0.9318848, -1.573031, 1.40802, 2.307673,-0.9742733, 2.550017, -3.041602, 4.086947, 0, 0, 0
12-04-40-206, 1221, 0.9326782, -1.569149, 1.410706, 2.306991,-0.9874324, 2.553617, -3.043296, 4.093609, 0, 0, 0
12-04-40-220, 1222, 0.9334717, -1.565462, 1.413635, 2.3066,-1.000424, 2.558236, -3.045116, 4.100994, 0, 0, 0
12-04-40-235, 1223, 0.934021, -1.561621, 1.416626, 2.306054,-1.01314, 2.563708, -3.047458, 4.109264, 0, 0, 0
12-04-40-249, 1224, 0.9343567, -1.557926, 1.419647, 2.305548,-1.026098, 2.570114, -3.04992, 4.118298, 0, 0, 0
12-04-40-264, 1225, 0.9348145, -1.554311, 1.422638, 2.305137,-1.038946, 2.577276, -3.052425, 4.127839, 0, 0, 0
12-04-40-278, 1226, 0.9350586, -1.5508, 1.425903, 2.304889,5.232184, 2.58518, -3.055043, 6.587276, 0, 0, 0
12-04-40-294, 1227, 0.9350281, -1.547494, 1.429871, 2.305113,5.220573, 2.593727, -3.057728, 6.582667, 0, 0, 0
12-04-40-308, 1228, 0.9344482, -1.541366, 1.438171, 2.305935,5.199261, 2.611442, -3.063209, 6.575347, 0, 0, 0
12-04-40-322, 1229, 0.9342346, -1.538569, 1.441956, 2.306344,5.18969, 2.621033, -3.065732, 6.572777, 0, 0, 0
12-04-40-336, 1230, 0.9329224, -1.535722, 1.447266, 2.307242,5.180778, 2.632129, -3.068486, 6.571466, 0, 0, 0
12-04-40-351, 1231, 0.9304504, -1.530331, 1.456635, 2.308557,5.163559, 2.659061, -3.07384, 6.571259, 0, 0, 0
12-04-40-364, 1232, 0.9293823, -1.53039, 1.461243, 2.311077,5.155847, 2.673706, -3.07708, 6.572661, 0, 0, 0
12-04-40-379, 1233, 0.9280701, -1.529764, 1.46582, 2.313033,5.149891, 2.689662, -3.08022, 6.575973, 0, 0, 0
12-04-40-394, 1234, 0.926178, -1.529202, 1.471466, 2.315486,5.145073, 2.705537, -3.083176, 6.580097, 0, 0, 0
12-04-40-409, 1235, 0.9221802, -1.528659, 1.482727, 2.32071,5.140594, 2.740813, -3.088619, 6.593734, 0, 0, 0
12-04-40-422, 1236, 0.9205933, -1.531299, 1.487457, 2.324844,5.138433, 2.757982, -3.091658, 6.600629, 0, 0, 0
12-04-40-437, 1237, 0.9182434, -1.532055, 1.493408, 2.328225,5.138014, 2.776828, -3.094764, 6.609654, 0, 0, 0
12-04-40-452, 1238, 0.9140015, -1.533399, 1.503387, 2.333856,5.137648, 2.814918, 3.180784, 6.666076, 0, 0, 0
12-04-40-467, 1239, 0.912323, -1.537419, 1.507843, 2.338714,5.137918, 2.834147, 3.177035, 6.672641, 0, 0, 0
12-04-40-481, 1240, 0.9101868, -1.538901, 1.512329, 2.341751,5.139668, 2.855344, 3.173215, 6.681203, 0, 0, 0
12-04-40-496, 1241, 0.9055786, -1.540957, 1.521515, 2.34726,5.144132, 2.89699, 3.167028, 6.699605, 0, 0, 0
12-04-40-511, 1242, 0.9032593, -1.545365, 1.52597, 2.352151,5.146526, 2.91641, 3.165212, 6.709005, 0, 0, 0
12-04-40-526, 1243, 0.9003601, -1.547942, 1.530823, 2.355884,5.147311, 2.936427, 3.1628, 6.717196, 0, 0, 0
12-04-40-539, 1244, 0.8950195, -1.551411, 1.539795, 2.36197,5.154286, 2.976823, 3.163441, 6.740586, 0, 0, 0
12-04-40-554, 1245, 0.8921204, -1.556754, 1.544189, 2.367252,5.157785, 2.996096, 3.163293, 6.751723, 0, 0, 0
12-04-40-569, 1246, 0.8887329, -1.560562, 1.548981, 2.371611,5.1616, 3.015825, 3.163358, 6.763442, 0, 0, 0
12-04-40-584, 1247, 0.8826599, -1.564599, 1.557281, 2.377433,5.169989, 3.052549, 3.163247, 6.786234, 0, 0, 0
12-04-40-597, 1248, 0.8796387, -1.568601, 1.561371, 2.381628,5.175205, 3.070401, 3.163224, 6.798243, 0, 0, 0
12-04-40-612, 1249, 0.8761902, -1.571176, 1.566101, 2.385158,5.180506, 3.087687, 3.163422, 6.810191, 0, 0, 0
12-04-40-627, 1250, 0.8728027, -1.573849, 1.570709, 2.388705,5.18479, 3.103743, 3.164011, 6.821014, 0, 0, 0
12-04-40-642, 1251, 0.8657227, -1.577697, 1.5784, 2.393731,5.186579, 3.134392, 3.166651, 6.837594, 0, 0, 0
12-04-40-657, 1252, 0.8612976, -1.582393, 1.581604, 2.397347,5.169748, 3.15353, 3.165523, 6.833124, 0, 0, 0
12-04-40-672, 1253, 0.8551636, -1.584873, 1.585907, 2.399631,5.15533, 3.170609, 3.165551, 6.830147, 0, 0, 0
12-04-40-687, 1254, 0.8420105, -1.585398, 1.590729, 2.398518,5.130958, 3.204289, 3.168097, 6.828692, 0, 0, 0
12-04-40-702, 1255, 0.8345947, -1.588061, 1.593231, 2.399348,5.123288, 3.217588, 3.169629, 6.829897, 0, 0, 0
12-04-40-715, 1256, 0.8271179, -1.587192, 1.596161, 2.398131,5.121943, 3.227921, 3.174379, 6.835967, 0, 0, 0
12-04-40-730, 1257, 0.8110352, -1.578913, 1.602966, 2.391703,5.13367, 3.236488, -3.092767, 6.81136, 0, 0, 0
12-04-40-745, 1258, 0.8027039, -1.581372, 1.606537, 2.392912,5.130222, 3.236324, -3.084489, 6.804928, 0, 0, 0
12-04-40-760, 1259, 0.7941589, -1.58032, 1.610413, 2.391972,5.120294, 3.228896, -3.07176, 6.788143, 0, 0, 0
12-04-40-773, 1260, 0.7778931, -1.575717, 1.617645, 2.388468,5.091718, 3.217743, -3.048345, 6.750694, 0, 0, 0
12-04-40-788, 1261, 0.7706604, -1.579105, 1.620636, 2.390388,5.082251, 3.214533, -3.037964, 6.737338, 0, 0, 0
12-04-40-803, 1262, 0.7637939, -1.578528, 1.623779, 2.389935,5.074809, 3.212216, -3.030421, 6.727219, 0, 0, 0
12-04-40-818, 1263, 0.7530823, -1.575173, 1.629303, 2.388081,5.063335, 3.209784, -3.021758, 6.713501, 0, 0, 0
12-04-40-831, 1264, 0.7487793, -1.577379, 1.632538, 2.390392,5.059097, 3.208596, -3.02099, 6.709392, 0, 0, 0
12-04-40-846, 1265, 0.7450256, -1.577423, 1.635559, 2.391313,5.055323, 3.208281, -3.021344, 6.706555, 0, 0, 0
12-04-40-860, 1266, 0.7417603, -1.577689, 1.639282, 2.393023,5.052898, 3.209792, -3.023392, 6.706373, 0, 0, 0
12-04-40-873, 1267, 0.7362671, -1.577451, 1.647552, 2.396846,5.046558, 3.211842, -3.029207, 6.705205, 0, 0, 0
12-04-40-887, 1268, 0.7337646, -1.579375, 1.651978, 2.400389,5.043254, 3.211117, -3.032544, 6.70388, 0, 0, 0
12-04-40-902, 1269, 0.7314453, -1.580393, 1.656891, 2.403735,5.041288, 3.210727, -3.037464, 6.704442, 0, 0, 0
12-04-40-916, 1270, 0.7298279, -1.581689, 1.66156, 2.407316,5.039711, 3.209431, -3.041529, 6.704478, 0, 0, 0
12-04-40-931, 1271, 0.7281799, -1.583363, 1.671722, 2.414941,5.04294, 3.207729, -3.050206, 6.710032, 0, 0, 0
12-04-40-945, 1272, 0.7269592, -1.584293, 1.677185, 2.418968,5.043489, 3.208011, -3.052434, 6.711592, 0, 0, 0
12-04-40-958, 1273, 0.7259827, -1.585426, 1.683044, 2.423482,5.043095, 3.206276, -3.054961, 6.711617, 0, 0, 0
12-04-40-971, 1274, 0.7242126, -1.587198, 1.694855, 2.432327,5.039477, 3.201519, -3.05733, 6.707705, 0, 0, 0
12-04-40-989, 1275, 0.7237244, -1.589123, 1.700317, 2.437246,5.039135, 3.197913, -3.058633, 6.706323, 0, 0, 0
12-04-41-003, 1276, 0.7230835, -1.590402, 1.706726, 2.442364,5.042713, 3.192323, -3.060013, 6.706979, 0, 0, 0
12-04-41-018, 1277, 0.7224426, -1.593264, 1.718658, 2.452387,5.047257, 3.181468, -3.061538, 6.705935, 0, 0, 0
12-04-41-031, 1278, 0.7223206, -1.595, 1.724548, 2.457609,5.049987, 3.175524, -3.063076, 6.705875, 0, 0, 0
12-04-41-045, 1279, 0.7218628, -1.596316, 1.730927, 2.462807,5.053676, 3.169231, -3.064524, 6.706338, 0, 0, 0
12-04-41-058, 1280, 0.7211914, -1.598189, 1.737305, 2.468309,5.055308, 3.162868, -3.068954, 6.70659, 0, 0, 0
12-04-41-072, 1281, 0.7191772, -1.601975, 1.748138, 2.477807,5.058581, 3.154723, -3.081317, 6.710889, 0, 0, 0
12-04-41-087, 1282, 0.7179871, -1.605425, 1.752411, 2.482708,5.057938, 3.153492, -3.090771, 6.714172, 0, 0, 0
12-04-41-102, 1283, 0.7160034, -1.60793, 1.757111, 2.487074,5.062234, 3.152513, -3.099938, 6.721173, 0, 0, 0
12-04-41-116, 1284, 0.7143555, -1.610949, 1.761475, 2.491636,5.067155, 3.1464, 3.177108, 6.757952, 0, 0, 0
12-04-41-131, 1285, 0.7098694, -1.615085, 1.770294, 2.499271,5.076248, 3.132364, 3.168702, 6.754308, 0, 0, 0
12-04-41-145, 1286, 0.70755, -1.618584, 1.774506, 2.50386,5.082086, 3.12418, 3.167234, 6.754219, 0, 0, 0
12-04-41-160, 1287, 0.7044067, -1.620414, 1.779999, 2.508052,5.087501, 3.114942, 3.167691, 6.754243, 0, 0, 0
12-04-41-173, 1288, 0.6986694, -1.622886, 1.790039, 2.515182,5.093696, 3.092698, 3.168042, 6.748853, 0, 0, 0
12-04-41-188, 1289, 0.6962585, -1.625436, 1.7948, 2.519548,5.095221, 3.081471, 3.166769, 6.744269, 0, 0, 0
12-04-41-203, 1290, 0.6940002, -1.625951, 1.799316, 2.522478,5.093528, 3.071455, 3.165523, 6.737833, 0, 0, 0
12-04-41-218, 1291, 0.6903687, -1.625773, 1.807068, 2.526904,5.089933, 3.05785, 3.164305, 6.72835, 0, 0, 0
12-04-41-231, 1292, 0.6882324, -1.626973, 1.811462, 2.530237,5.087478, 3.049761, 3.164573, 6.722946, 0, 0, 0
12-04-41-245, 1293, 0.6863403, -1.627877, 1.81543, 2.533146,5.0846, 3.039642, 3.16622, 6.716959, 0, 0, 0
12-04-41-259, 1294, 0.6842041, -1.628979, 1.81958, 2.536253,5.081966, 3.029837, 3.168419, 6.71157, 0, 0, 0
12-04-41-273, 1295, 0.6805115, -1.632, 1.826904, 2.542459,5.08112, 3.009777, 3.173265, 6.704189, 0, 0, 0
12-04-41-288, 1296, 0.678772, -1.635147, 1.830109, 2.546318,5.082152, 2.999487, 3.174561, 6.700973, 0, 0, 0
12-04-41-303, 1297, 0.6766663, -1.637886, 1.833252, 2.549777,5.083589, 2.988945, 3.17447, 6.697308, 0, 0, 0
12-04-41-318, 1298, 0.6718445, -1.643833, 1.838959, 2.556429,5.082446, 2.967211, 3.173901, 6.686497, 0, 0, 0
12-04-41-331, 1299, 0.6694031, -1.648499, 1.842041, 2.561009,5.082415, 2.957111, 3.172822, 6.681485, 0, 0, 0
12-04-41-346, 1300, 0.6675415, -1.652842, 1.843842, 2.564615,5.08265, 2.947506, 3.170162, 6.676156, 0, 0, 0
12-04-41-361, 1301, 0.6645508, -1.656947, 1.84613, 2.568131,5.081236, 2.938231, 3.164862, 6.668471, 0, 0, 0
12-04-41-374, 1302, 0.6593018, -1.663665, 1.850128, 2.573992,5.086921, 2.919038, 3.159129, 6.661655, 0, 0, 0
12-04-41-389, 1303, 0.6574402, -1.66886, 1.852173, 2.578346,5.089335, 2.908595, 3.157357, 6.65809, 0, 0, 0
12-04-41-404, 1304, 0.6564636, -1.671315, 1.85498, 2.581703,5.097728, 2.901376, 3.156888, 6.661137, 0, 0, 0
12-04-41-417, 1305, 0.6565247, -1.674125, 1.860779, 2.587705,5.114816, 2.879631, 3.160305, 6.666419, 0, 0, 0
12-04-41-431, 1306, 0.6559753, -1.674709, 1.864624, 2.590709,5.119679, 2.867059, 3.163821, 6.666401, 0, 0, 0
12-04-41-446, 1307, 0.6556091, -1.675592, 1.867676, 2.593385,5.11999, 2.852101, 3.167042, 6.661752, 0, 0, 0
12-04-41-460, 1308, 0.652832, -1.677501, 1.873413, 2.598052,5.116252, 2.824078, 3.173998, 6.650242, 0, 0, 0
12-04-41-473, 1309, 0.650177, -1.679457, 1.876312, 2.600741,5.113278, 2.810211, 3.174839, 6.642477, 0, 0, 0
12-04-41-489, 1310, 0.6483459, -1.681635, 1.877991, 2.602901,5.112848, 2.796841, 3.173941, 6.636071, 0, 0, 0
12-04-41-503, 1311, 0.6461487, -1.6832, 1.879547, 2.60449,5.111071, 2.78609, 3.170782, 6.628665, 0, 0, 0
12-04-41-518, 1312, 0.6424255, -1.684657, 1.881195, 2.6057,5.10961, 2.768715, 3.164973, 6.617473, 0, 0, 0
12-04-41-531, 1313, 0.6400452, -1.685839, 1.881653, 2.60621,5.110626, 2.761077, 3.162667, 6.613963, 0, 0, 0
12-04-41-546, 1314, 0.6377563, -1.686421, 1.881226, 2.605716,5.111086, 2.753849, 3.160565, 6.610299, 0, 0, 0
12-04-41-561, 1315, 0.6347046, -1.686671, 1.881042, 2.605001,5.110474, 2.745348, 3.160407, 6.606213, 0, 0, 0
12-04-41-575, 1316, 0.6289978, -1.687059, 1.879486, 2.602743,5.108714, 2.727068, 3.163371, 6.598694, 0, 0, 0
12-04-41-588, 1317, 0.6260681, -1.689442, 1.878632, 2.602966,5.108521, 2.716562, 3.164629, 6.594813, 0, 0, 0
12-04-41-603, 1318, 0.6230469, -1.69046, 1.877319, 2.601955,5.1076, 2.705312, 3.16658, 6.590411, 0, 0, 0
12-04-41-617, 1319, 0.6178589, -1.691719, 1.874725, 2.599665,5.106023, 2.684623, 3.171499, 6.58309, 0, 0, 0
12-04-41-631, 1320, 0.6153564, -1.694288, 1.873657, 2.599975,5.107327, 2.676022, 3.172432, 6.581049, 0, 0, 0
12-04-41-646, 1321, 0.6134644, -1.696347, 1.871613, 2.599397,5.109597, 2.668498, 3.171918, 6.579508, 0, 0, 0
12-04-41-660, 1322, 0.6111145, -1.698031, 1.869995, 2.598779,5.11215, 2.660775, 3.17044, 6.577651, 0, 0, 0
12-04-41-673, 1323, 0.6072083, -1.702059, 1.865051, 2.596945,5.119108, 2.648355, 3.164076, 6.574985, 0, 0, 0
12-04-41-688, 1324, 0.6054993, -1.705867, 1.861908, 2.596789,5.12265, 2.642296, 3.160669, 6.573667, 0, 0, 0
12-04-41-703, 1325, 0.6037903, -1.708736, 1.858582, 2.595894,5.127013, 2.636456, 3.157387, 6.573147, 0, 0, 0
12-04-41-718, 1326, 0.5994263, -1.713824, 1.854065, 2.595007,5.138466, 2.624273, 3.151472, 6.574376, 0, 0, 0
12-04-41-731, 1327, 0.5973816, -1.718349, 1.851746, 2.595871,5.144827, 2.618235, 3.149412, 6.575956, 0, 0, 0
12-04-41-746, 1328, 0.5953979, -1.722208, 1.849091, 2.596081,5.151276, 2.613056, 3.147562, 6.578058, 0, 0, 0
12-04-41-761, 1329, 0.5931091, -1.726012, 1.84671, 2.596389,5.157656, 2.608202, 3.144962, 6.579887, 0, 0, 0
12-04-41-776, 1330, 0.5884705, -1.733228, 1.841949, 2.596758,5.171702, 2.599737, 3.137642, 6.584067, 0, 0, 0
12-04-41-791, 1331, 0.5863037, -1.738663, 1.8396, 2.598235,5.179868, 2.595169, 3.133195, 6.586565, 0, 0, 0
12-04-41-806, 1332, 0.5830078, -1.746006, 1.833252, 2.597931,5.19485, 2.589739, 3.125517, 6.592577, 0, 0, 0
12-04-41-821, 1333, 0.5812988, -1.750709, 1.829498, 2.598067,5.200659, 2.588105, 3.122624, 6.595144, 0, 0, 0
12-04-41-836, 1334, 0.5790405, -1.754034, 1.826141, 2.597444,5.204656, 2.587859, 3.120024, 6.59697, 0, 0, 0
12-04-41-851, 1335, 0.5740356, -1.75847, 1.818298, 2.593828,5.208233, 2.588711, 3.118082, 6.599208, 0, 0, 0
12-04-41-866, 1336, 0.5718079, -1.762157, 1.814423, 2.593124,5.210005, 2.589489, 3.11732, 6.600553, 0, 0, 0
12-04-41-880, 1337, 0.5697021, -1.763985, 1.811005, 2.591513,5.212622, 2.589331, 3.118231, 6.602986, 0, 0, 0
12-04-41-895, 1338, 0.5667725, -1.765272, 1.803009, 2.586167,5.215564, 2.589279, 3.121845, 6.606996, 0, 0, 0
12-04-41-910, 1339, 0.5648499, -1.766253, 1.799377, 2.583885,5.216795, 2.589551, 3.12446, 6.60931, 0, 0, 0
12-04-41-923, 1340, 0.5633545, -1.766077, 1.795044, 2.580422,5.217299, 2.590131, 3.127325, 6.61129, 0, 0, 0
12-04-41-937, 1341, 0.5603333, -1.763771, 1.786652, 2.57235,5.217805, 2.589872, 3.132933, 6.614242, 0, 0, 0
12-04-41-951, 1342, 0.5587769, -1.763659, 1.782593, 2.569117,5.215837, 2.589038, 3.135943, 6.613789, 0, 0, 0
12-04-41-964, 1343, 0.5578003, -1.762881, 1.777954, 2.565153,5.210879, 2.588414, 3.139876, 6.611503, 0, 0, 0
12-04-41-979, 1344, 0.5565491, -1.761576, 1.773895, 2.561172,5.206709, 2.588212, 3.143707, 6.609959, 0, 0, 0
12-04-41-994, 1345, 0.5561218, -1.760943, 1.768555, 2.556947,5.200771, 2.588557, 3.147956, 6.60744, 0, 0, 0
12-04-42-008, 1346, 0.5539246, -1.757997, 1.760803, 2.549081,5.190057, 2.589793, 3.155933, 6.603305, 0, 0, 0
12-04-42-022, 1347, 0.5536804, -1.758516, 1.756317, 2.54629,5.186374, 2.590307, 3.159294, 6.60222, 0, 0, 0
12-04-42-036, 1348, 0.5532532, -1.757794, 1.752625, 2.543152,5.184352, 2.590441, 3.162531, 6.602234, 0, 0, 0
12-04-42-051, 1349, 0.5539246, -1.757398, 1.745117, 2.537856,5.184364, 2.590787, 3.16807, 6.605034, 0, 0, 0
12-04-42-064, 1350, 0.5542297, -1.757662, 1.741791, 2.53582,5.185124, 2.590753, 3.17029, 6.606682, 0, 0, 0
12-04-42-079, 1351, 0.5542603, -1.758178, 1.7388, 2.534131,5.186001, 2.590616, 3.172286, 6.608275, 0, 0, 0
12-04-42-094, 1352, 0.5546875, -1.759555, 1.73584, 2.53315,5.188687, 2.589937, 3.173525, 6.610712, 0, 0, 0
12-04-42-107, 1353, 0.5559998, -1.762874, 1.730774, 2.532279,5.19789, 2.591286, 3.174286, 6.618831, 0, 0, 0
12-04-42-122, 1354, 0.5571289, -1.765158, 1.72876, 2.532743,5.204588, 2.593275, 3.17348, 6.624484, 0, 0, 0
12-04-42-137, 1355, 0.5579834, -1.767237, 1.727112, 2.533256,5.211326, 2.595787, 3.172103, 6.630103, 0, 0, 0
12-04-42-151, 1356, 0.5602112, -1.773206, 1.723358, 2.535362,5.225847, 2.602658, 3.165742, 6.641177, 0, 0, 0
12-04-42-164, 1357, 0.5609131, -1.776149, 1.721771, 2.536499,5.233497, 2.607972, 3.16099, 6.647019, 0, 0, 0
12-04-42-179, 1358, 0.5611267, -1.778844, 1.720154, 2.537337,5.238642, 2.614043, 3.15579, 6.650985, 0, 0, 0
12-04-42-194, 1359, 0.5612793, -1.781733, 1.717529, 2.53762,-1.037952, 2.620976, 3.149958, 4.227185, 0, 0, 0
12-04-42-209, 1360, 0.5606079, -1.785896, 1.711761, 2.5365,-1.022092, 2.636995, 3.136485, 4.223263, 0, 0, 0
12-04-42-221, 1361, 0.5598755, -1.787325, 1.70874, 2.535307,-1.013924, 2.64437, 3.131536, 4.222233, 0, 0, 0
12-04-42-236, 1362, 0.5595703, -1.788439, 1.705688, 2.53397,-1.005517, 2.650354, 3.128335, 4.221602, 0, 0, 0
12-04-42-251, 1363, 0.5588379, -1.790035, 1.699066, 2.530484,-0.9915154, 2.656733, 3.126938, 4.221264, 0, 0, 0
12-04-42-264, 1364, 0.5576477, -1.790606, 1.695343, 2.528128,-0.9875575, 2.657751, 3.129247, 4.222688, 0, 0, 0
12-04-42-279, 1365, 0.5561829, -1.791163, 1.692047, 2.52599,-0.9839231, 2.658231, 3.131156, 4.223557, 0, 0, 0
12-04-42-294, 1366, 0.5549622, -1.791645, 1.688721, 2.523837,-0.9801884, 2.65762, 3.134213, 4.224572, 0, 0, 0
12-04-42-309, 1367, 0.5541687, -1.793267, 1.683167, 2.521103,-0.9659128, 2.654728, 3.13935, 4.223279, 0, 0, 0
12-04-42-322, 1368, 0.5549622, -1.795163, 1.68045, 2.520815,-0.9545304, 2.652318, 3.141321, 4.220641, 0, 0, 0
12-04-42-337, 1369, 0.5552368, -1.796234, 1.67868, 2.520459,-0.9442894, 2.650977, 3.143153, 4.21886, 0, 0, 0
12-04-42-352, 1370, 0.5548401, -1.798766, 1.674896, 2.51966,-0.9216458, 2.64873, 3.148422, 4.216369, 0, 0, 0
12-04-42-367, 1371, 0.5540466, -1.799484, 1.67276, 2.518578,-0.8978567, 2.644776, 3.155666, 4.214168, 0, 0, 0
12-04-42-381, 1372, 0.5538025, -1.801357, 1.671326, 2.518911,-0.8808621, 2.645202, 3.159765, 4.213921, 0, 0, 0
12-04-42-395, 1373, 0.5540466, -1.805988, 1.668884, 2.520662,-0.8456471, 2.641397, 3.160626, 4.204956, 0, 0, 0
12-04-42-409, 1374, 0.5535889, -1.807418, 1.667877, 2.52092,-0.8270686, 2.638608, 3.161073, 4.199842, 0, 0, 0
12-04-42-422, 1375, 0.5525818, -1.808784, 1.666107, 2.520508,-0.8111132, 2.634364, 3.164085, 4.196333, 0, 0, 0
12-04-42-437, 1376, 0.5510864, -1.810142, 1.664581, 2.520147,-0.801102, 2.629922, 3.16729, 4.194041, 0, 0, 0
12-04-42-452, 1377, 0.5467834, -1.811763, 1.660492, 2.517676,-0.7951894, 2.622845, 3.174179, 4.193692, 0, 0, 0
12-04-42-467, 1378, 0.5446777, -1.814224, 1.657043, 2.516719,-0.7975982, 2.621417, 3.179093, 4.196978, 0, 0, 0
12-04-42-481, 1379, 0.541748, -1.81523, 1.654694, 2.515266,-0.800418, 2.619345, -3.098545, 4.135531, 0, 0, 0
12-04-42-495, 1380, 0.5363159, -1.816196, 1.64978, 2.511569,-0.8040621, 2.614972, -3.089471, 4.126672, 0, 0, 0
12-04-42-510, 1381, 0.5335388, -1.818895, 1.647705, 2.511568,-0.8030143, 2.612401, -3.08842, 4.124052, 0, 0, 0
12-04-42-526, 1382, 0.5312805, -1.820437, 1.644714, 2.510246,-0.7999437, 2.609988, -3.088388, 4.121903, 0, 0, 0
12-04-42-539, 1383, 0.5259399, -1.821786, 1.640625, 2.507422,-0.7984821, 2.602679, -3.092092, 4.119775, 0, 0, 0
12-04-42-554, 1384, 0.5228882, -1.82373, 1.638916, 2.50708,-0.7986455, 2.600251, -3.095735, 4.121009, 0, 0, 0
12-04-42-569, 1385, 0.5193481, -1.825311, 1.637299, 2.506438,-0.8002539, 2.597929, -3.100742, 4.12362, 0, 0, 0
12-04-42-584, 1386, 0.5116577, -1.825861, 1.635315, 2.50396,-0.8041452, 2.596292, 3.176739, 4.180796, 0, 0, 0
12-04-42-597, 1387, 0.5081787, -1.828961, 1.634003, 2.504658,-0.805659, 2.596465, 3.173083, 4.178417, 0, 0, 0
12-04-42-612, 1388, 0.5037231, -1.829079, 1.633911, 2.503783,-0.8104986, 2.596734, 3.169608, 4.176883, 0, 0, 0
12-04-42-627, 1389, 0.4998474, -1.830357, 1.632385, 2.502945,-0.8180731, 2.597186, 3.169405, 4.178486, 0, 0, 0
12-04-42-642, 1390, 0.4906616, -1.829426, 1.631775, 2.500047,-0.8333459, 2.605123, 3.169948, 4.186848, 0, 0, 0
12-04-42-655, 1391, 0.486084, -1.832851, 1.63208, 2.501861,-0.8415977, 2.605243, 3.171289, 4.189589, 0, 0, 0
12-04-42-670, 1392, 0.4815979, -1.833756, 1.632751, 2.502094,-0.8501204, 2.603922, 3.173501, 4.192162, 0, 0, 0
12-04-42-684, 1393, 0.472229, -1.832661, 1.633484, 2.499983,-0.8702433, 2.598135, 3.178909, 4.196795, 0, 0, 0
12-04-42-697, 1394, 0.4672241, -1.8359, 1.63382, 2.501638,-0.8807251, 2.593199, -3.100998, 4.137214, 0, 0, 0
12-04-42-712, 1395, 0.461731, -1.836672, 1.63446, 2.501603,-0.891399, 2.586726, -3.09811, 4.133283, 0, 0, 0
12-04-42-727, 1396, 0.4562988, -1.837682, 1.635162, 2.501807,-0.9015809, 2.580559, -3.096502, 4.13043, 0, 0, 0
12-04-42-742, 1397, 0.4452515, -1.836988, 1.638062, 2.501204,-0.9215179, 2.567394, -3.093624, 4.124465, 0, 0, 0
12-04-42-755, 1398, 0.4397888, -1.841665, 1.639648, 2.504714,-0.9293324, 2.560509, -3.092904, 4.121398, 0, 0, 0
12-04-42-770, 1399, 0.4286499, -1.842762, 1.642517, 2.505469,-0.9459218, 2.54393, -3.089548, 4.112379, 0, 0, 0
12-04-42-785, 1400, 0.4224854, -1.848069, 1.64447, 2.509609,-0.9532038, 2.534509, -3.086292, 4.105793, 0, 0, 0
12-04-42-800, 1401, 0.4163818, -1.850831, 1.646332, 2.511844,-0.9598749, 2.524989, -3.082536, 4.098654, 0, 0, 0
12-04-42-814, 1402, 0.40979, -1.85404, 1.648804, 2.514745,-0.9654151, 2.51506, -3.079068, 4.091236, 0, 0, 0
12-04-42-829, 1403, 0.3962708, -1.857996, 1.653809, 2.518782,-0.9744582, 2.498131, -3.075584, 4.080373, 0, 0, 0
12-04-42-844, 1404, 0.3892212, -1.865213, 1.657013, 2.525115,-0.9789058, 2.490614, -3.074978, 4.076384, 0, 0, 0
12-04-42-859, 1405, 0.381897, -1.869562, 1.660065, 2.529214,-0.9820256, 2.483633, -3.0752, 4.07304, 0, 0, 0
12-04-42-872, 1406, 0.3666077, -1.874581, 1.666626, 2.534974,-0.9856553, 2.470304, -3.077968, 4.067899, 0, 0, 0
12-04-42-887, 1407, 0.3583984, -1.883139, 1.669769, 2.542202,-0.9871948, 2.464149, -3.076294, 4.063271, 0, 0, 0
12-04-42-902, 1408, 0.349884, -1.887397, 1.673279, 2.546478,-0.9882847, 2.458111, -3.074352, 4.058406, 0, 0, 0
12-04-42-917, 1409, 0.3322754, -1.890078, 1.680817, 2.551068,-0.9879063, 2.445666, -3.068643, 4.046456, 0, 0, 0
12-04-42-931, 1410, 0.3229065, -1.898125, 1.684082, 2.557984,-0.989247, 2.439305, -3.066339, 4.041194, 0, 0, 0
12-04-42-946, 1411, 0.3129578, -1.901663, 1.687805, 2.561826,-0.9952545, 2.43236, -3.066165, 4.038351, 0, 0, 0
12-04-42-961, 1412, 0.2937317, -1.903968, 1.694519, 2.56569,-1.009932, 2.426006, -3.068195, 4.039714, 0, 0, 0
12-04-42-976, 1413, 0.2842712, -1.912721, 1.698639, 2.573847,-1.020366, 2.424658, -3.070416, 4.043213, 0, 0, 0
12-04-42-989, 1414, 0.2756042, -1.916744, 1.702087, 2.578171,-1.030756, 2.423443, -3.073705, 4.047616, 0, 0, 0
12-04-43-004, 1415, 0.2666626, -1.91944, 1.706177, 2.581937,-1.03467, 2.420958, -3.076038, 4.0489, 0, 0, 0
12-04-43-019, 1416, 0.2487488, -1.920876, 1.71286, 2.585639,5.21578, 2.419219, -3.100902, 6.532425, 0, 0, 0
12-04-43-034, 1417, 0.2401428, -1.929191, 1.716217, 2.593231,5.197237, 2.417712, 3.178556, 6.554374, 0, 0, 0
12-04-43-048, 1418, 0.2309875, -1.932265, 1.720642, 2.597617,5.184785, 2.415941, 3.172859, 6.541085, 0, 0, 0
12-04-43-063, 1419, 0.2147827, -1.936515, 1.727478, 2.60392,5.16743, 2.411111, 3.16521, 6.521836, 0, 0, 0
12-04-43-077, 1420, 0.2062988, -1.946081, 1.731934, 2.613309,5.164142, 2.407259, 3.164234, 6.517333, 0, 0, 0
12-04-43-093, 1421, 0.1987, -1.950519, 1.734985, 2.618049,5.163973, 2.403774, 3.162831, 6.515232, 0, 0, 0
12-04-43-108, 1422, 0.1829224, -1.955054, 1.74173, 2.624751,5.165116, 2.39705, 3.159454, 6.512022, 0, 0, 0
12-04-43-122, 1423, 0.1750183, -1.962287, 1.74527, 2.631952,5.164866, 2.394002, 3.157163, 6.509591, 0, 0, 0
12-04-43-137, 1424, 0.1678162, -1.96607, 1.747955, 2.636084,5.165805, 2.391057, 3.154996, 6.508202, 0, 0, 0
12-04-43-152, 1425, 0.1531067, -1.969806, 1.752502, 2.640993,5.163769, 2.388065, 3.150007, 6.503069, 0, 0, 0
12-04-43-167, 1426, 0.145874, -1.976678, 1.754303, 2.646906,5.164397, 2.386356, 3.147308, 6.501633, 0, 0, 0
12-04-43-179, 1427, 0.1385803, -1.980146, 1.756348, 2.65046,5.166572, 2.384516, 3.145741, 6.501928, 0, 0, 0
12-04-43-194, 1428, 0.1240234, -1.98442, 1.759186, 2.654814,5.173712, 2.380324, 3.142598, 6.50455, 0, 0, 0
12-04-43-209, 1429, 0.1169434, -1.9919, 1.760315, 2.660836,5.179324, 2.378713, 3.140406, 6.507367, 0, 0, 0
12-04-43-223, 1430, 0.1094666, -1.995875, 1.761932, 2.664565,5.185519, 2.37717, 3.138009, 6.51058, 0, 0, 0
12-04-43-237, 1431, 0.09558105, -2.002528, 1.763519, 2.670067,5.201741, 2.374355, 3.132361, 6.519767, 0, 0, 0
12-04-43-252, 1432, 0.08853149, -2.011107, 1.764771, 2.677088,5.211861, 2.372025, 3.129487, 6.525617, 0, 0, 0
12-04-43-265, 1433, 0.08163452, -2.0164, 1.765594, 2.681391,5.22091, 2.370363, 3.127429, 6.531258, 0, 0, 0
12-04-43-278, 1434, 0.07455444, -2.021599, 1.76651, 2.685699,5.229447, 2.368976, 3.126232, 6.537009, 0, 0, 0
12-04-43-293, 1435, 0.06051636, -2.027884, 1.76828, 2.691243,-1.03947, 2.370261, 3.122237, 4.05549, 0, 0, 0
12-04-43-307, 1436, 0.05343628, -2.035653, 1.768402, 2.697033,-1.034455, 2.373296, 3.119351, 4.053761, 0, 0, 0
12-04-43-321, 1437, 0.04644775, -2.040049, 1.768158, 2.700063,-1.030287, 2.376972, 3.116302, 4.052509, 0, 0, 0
12-04-43-335, 1438, 0.03964233, -2.044972, 1.767273, 2.703098,-1.031163, 2.38341, 3.112806, 4.053825, 0, 0, 0
12-04-43-348, 1439, 0.02560425, -2.051306, 1.76709, 2.707604,-1.030458, 2.398524, 3.105587, 4.057022, 0, 0, 0
12-04-43-364, 1440, 0.01895142, -2.059755, 1.766296, 2.713439,-1.028828, 2.406435, 3.104368, 4.060359, 0, 0, 0
12-04-43-379, 1441, 0.0123291, -2.064741, 1.765137, 2.716434,-1.026164, 2.414439, 3.10394, 4.064108, 0, 0, 0
12-04-43-394, 1442, -0.0004882813, -2.071486, 1.762939, 2.720113,-1.018736, 2.429104, 3.105226, 4.071953, 0, 0, 0
12-04-43-409, 1443, -0.006469727, -2.079397, 1.761353, 2.725123,-1.014666, 2.43625, 3.107599, 4.077013, 0, 0, 0
12-04-43-422, 1444, -0.01251221, -2.083878, 1.76004, 2.727718,-1.010309, 2.44325, 3.110508, 4.082335, 0, 0, 0
12-04-43-437, 1445, -0.0244751, -2.089857, 1.757599, 2.730798,-0.9991927, 2.458317, 3.11778, 4.094174, 0, 0, 0
12-04-43-453, 1446, -0.03009033, -2.09736, 1.756287, 2.735757,-0.9915036, 2.46583, 3.121491, 4.099647, 0, 0, 0
12-04-43-467, 1447, -0.03543091, -2.102257, 1.754822, 2.738638,-0.9827223, 2.472256, 3.124337, 4.103569, 0, 0, 0
12-04-43-482, 1448, -0.04489136, -2.109765, 1.752502, 2.743062,-0.9606745, 2.48205, 3.130278, 4.108784, 0, 0, 0
12-04-43-496, 1449, -0.04925537, -2.116559, 1.751892, 2.747976,-0.9490536, 2.485343, 3.13355, 4.110568, 0, 0, 0
12-04-43-511, 1450, -0.05322266, -2.120995, 1.751038, 2.750924,-0.9378241, 2.487495, 3.1375, 4.112305, 0, 0, 0
12-04-43-526, 1451, -0.05709839, -2.125542, 1.749603, 2.753598,-0.9281186, 2.4899, 3.141196, 4.114379, 0, 0, 0
12-04-43-547, 1452, -0.06463623, -2.131822, 1.748352, 2.757821,-0.9100719, 2.493151, 3.14772, 4.117302, 0, 0, 0
12-04-43-562, 1453, -0.06787109, -2.137646, 1.747711, 2.761998,-0.9015073, 2.493312, 3.150559, 4.117686, 0, 0, 0
12-04-43-577, 1454, -0.07403564, -2.143163, 1.747192, 2.7661,-0.8846866, 2.48998, 3.15247, 4.113482, 0, 0, 0
12-04-43-593, 1455, -0.07644653, -2.14813, 1.746368, 2.769496,-0.8767297, 2.486521, 3.152107, 4.109406, 0, 0, 0
12-04-43-608, 1456, -0.08071899, -2.152974, 1.744965, 2.772492,-0.8640862, 2.472799, 3.147953, 4.09524, 0, 0, 0
12-04-43-622, 1457, -0.08276367, -2.156738, 1.744293, 2.775054,-0.8586462, 2.465952, 3.14594, 4.088415, 0, 0, 0
12-04-43-636, 1458, -0.08627319, -2.159204, 1.743286, 2.776445,-0.8515012, 2.452401, 3.144284, 4.07748, 0, 0, 0
12-04-43-651, 1459, -0.08831787, -2.160774, 1.743713, 2.778,-0.8490837, 2.445439, 3.144955, 4.073311, 0, 0, 0
12-04-43-667, 1460, -0.08999634, -2.161837, 1.743744, 2.778899,-0.8489229, 2.43984, 3.145067, 4.070004, 0, 0, 0
12-04-43-682, 1461, -0.09112549, -2.162845, 1.743378, 2.779491,-0.8522215, 2.43415, 3.143301, 4.065921, 0, 0, 0
12-04-43-696, 1462, -0.0942688, -2.163348, 1.743866, 2.780293,-0.85729, 2.422062, 3.143183, 4.059671, 0, 0, 0
12-04-43-711, 1463, -0.09588623, -2.16506, 1.743988, 2.781757,-0.8574876, 2.416698, 3.143336, 4.056634, 0, 0, 0
12-04-43-722, 1464, -0.09866333, -2.165453, 1.744568, 2.782524,-0.8597453, 2.412578, 3.143036, 4.054426, 0, 0, 0
12-04-43-736, 1465, -0.1053467, -2.167282, 1.747925, 2.786297,-0.8610749, 2.413198, 3.140358, 4.053002, 0, 0, 0
12-04-43-752, 1466, -0.1073914, -2.169561, 1.749451, 2.789105,-0.8585263, 2.423679, 3.139039, 4.057691, 0, 0, 0
12-04-43-766, 1467, -0.1102295, -2.170737, 1.750641, 2.790877,-0.8608837, 2.427278, 3.136399, 4.0583, 0, 0, 0
12-04-43-779, 1468, -0.1140442, -2.171776, 1.753143, 2.793408,-0.8621053, 2.42996, 3.13183, 4.056635, 0, 0, 0
12-04-43-792, 1469, -0.1206665, -2.175219, 1.755188, 2.797646,-0.8715701, 2.442234, 3.128302, 4.063301, 0, 0, 0
12-04-43-804, 1470, -0.1228943, -2.179687, 1.756165, 2.80183,-0.8695934, 2.444305, 3.12654, 4.062767, 0, 0, 0
12-04-43-818, 1471, -0.1252441, -2.182528, 1.757263, 2.804833,-0.8655801, 2.440693, 3.124333, 4.058037, 0, 0, 0
12-04-43-833, 1472, -0.1274109, -2.185386, 1.757813, 2.807499,-0.8579748, 2.436322, 3.123541, 4.053183, 0, 0, 0
12-04-43-847, 1473, -0.1299133, -2.188293, 1.758148, 2.810087,-0.8534013, 2.432722, 3.124363, 4.050688, 0, 0, 0
12-04-43-862, 1474, -0.1347046, -2.193634, 1.756989, 2.813749,-0.8510053, 2.42608, 3.124635, 4.046408, 0, 0, 0
12-04-43-875, 1475, -0.1375732, -2.197164, 1.756409, 2.816279,-0.850554, 2.421012, 3.124151, 4.042903, 0, 0, 0
12-04-43-887, 1476, -0.139801, -2.200599, 1.755493, 2.818499,-0.8588595, 2.419523, 3.121893, 4.042023, 0, 0, 0
12-04-43-901, 1477, -0.1429443, -2.20353, 1.75415, 2.82011,-0.8684513, 2.417089, 3.116744, 4.03864, 0, 0, 0
12-04-43-913, 1478, -0.149353, -2.208907, 1.749451, 2.821729,-0.8888559, 2.419457, 3.111631, 4.040555, 0, 0, 0
12-04-43-927, 1479, -0.1526794, -2.213438, 1.74649, 2.823623,-0.8966762, 2.420296, 3.109917, 4.041466, 0, 0, 0
12-04-43-939, 1480, -0.1564941, -2.215318, 1.743073, 2.823195,-0.9082923, 2.417954, 3.109408, 4.042266, 0, 0, 0
12-04-43-952, 1481, -0.1607361, -2.217401, 1.739624, 2.822941,-0.9276868, 2.416476, 3.109984, 4.046228, 0, 0, 0
12-04-43-965, 1482, -0.1645508, -2.219748, 1.735443, 2.822432,-0.9494854, 2.420062, 3.106587, 4.050815, 0, 0, 0
12-04-43-977, 1483, -0.1687927, -2.222055, 1.731262, 2.82193,-0.9762601, 2.420229, 3.106203, 4.056981, 0, 0, 0
12-04-43-989, 1484, -0.1776123, -2.226282, 1.723633, 2.821132,-1.021076, 2.406676, 3.116737, 4.068014, 0, 0, 0
12-04-44-002, 1485, -0.1815796, -2.232666, 1.719543, 2.823933,-1.040777, 2.399209, 3.12069, 4.071625, 0, 0, 0
12-04-44-017, 1486, -0.1846924, -2.23574, 1.715576, 2.824154,5.232463, 2.391242, 3.126243, 6.547527, 0, 0, 0
12-04-44-030, 1487, -0.1874084, -2.238742, 1.713043, 2.825173,5.226398, 2.381328, 3.131584, 6.541618, 0, 0, 0
12-04-44-045, 1488, -0.1885986, -2.240883, 1.710938, 2.825674,5.232105, 2.371528, 3.135761, 6.544621, 0, 0, 0
12-04-44-058, 1489, -0.1916809, -2.242898, 1.708038, 2.825727,-1.038869, 2.356304, 3.140942, 4.061642, 0, 0, 0
12-04-44-072, 1490, -0.1936035, -2.245546, 1.707001, 2.827332,-1.036934, 2.353413, 3.142912, 4.060995, 0, 0, 0
12-04-44-085, 1491, -0.195282, -2.248224, 1.704803, 2.828251,-1.039333, 2.351687, 3.144169, 4.061582, 0, 0, 0
12-04-44-099, 1492, -0.1967773, -2.250926, 1.704193, 2.830134,5.240016, 2.351288, 3.143054, 6.547145, 0, 0, 0
12-04-44-111, 1493, -0.1975098, -2.253877, 1.702881, 2.831744,5.234699, 2.349505, 3.14231, 6.541893, 0, 0, 0
12-04-44-125, 1494, -0.1993103, -2.257867, 1.703918, 2.83567,5.221781, 2.341261, 3.139251, 6.527128, 0, 0, 0
12-04-44-136, 1495, -0.1996155, -2.260763, 1.703491, 2.837741,5.213297, 2.336034, 3.139331, 6.518507, 0, 0, 0
12-04-44-148, 1496, -0.2002258, -2.2626, 1.703857, 2.839468,5.207969, 2.331851, 3.138913, 6.512545, 0, 0, 0
12-04-44-161, 1497, -0.2003784, -2.264503, 1.703491, 2.840776,5.206696, 2.326526, 3.138916, 6.509624, 0, 0, 0
12-04-44-174, 1498, -0.2014771, -2.264869, 1.704834, 2.841951,5.205013, 2.320327, 3.138614, 6.505919, 0, 0, 0
12-04-44-187, 1499, -0.2020874, -2.266087, 1.704102, 2.842526,5.204116, 2.312983, 3.140732, 6.503607, 0, 0, 0
12-04-44-200, 1500, -0.2025452, -2.266055, 1.703644, 2.842258,5.208751, 2.305904, 3.144038, 6.506401, 0, 0, 0
12-04-44-212, 1501, -0.2035217, -2.265253, 1.701538, 2.840426,5.221708, 2.292875, 3.148049, 6.514117, 0, 0, 0
12-04-44-226, 1502, -0.2037659, -2.265622, 1.700867, 2.840337,5.223248, 2.284808, 3.146861, 6.511943, 0, 0, 0
12-04-44-240, 1503, -0.2035217, -2.265842, 1.699219, 2.839508,5.223036, 2.275543, 3.145916, 6.508071, 0, 0, 0
12-04-44-253, 1504, -0.2037354, -2.265178, 1.698761, 2.83872,5.220915, 2.267529, 3.145104, 6.503178, 0, 0, 0
12-04-44-266, 1505, -0.2034607, -2.264916, 1.697052, 2.837468,5.218398, 2.259337, 3.144838, 6.498176, 0, 0, 0
12-04-44-279, 1506, -0.2042847, -2.262715, 1.695343, 2.834748,5.212265, 2.240114, 3.147709, 6.48798, 0, 0, 0
12-04-44-293, 1507, -0.2047424, -2.261812, 1.694427, 2.833514,5.208915, 2.229021, 3.150947, 6.483039, 0, 0, 0
12-04-44-306, 1508, -0.2050171, -2.261394, 1.69278, 2.832214,5.205744, 2.217625, 3.153945, 6.47804, 0, 0, 0
12-04-44-319, 1509, -0.2059937, -2.260214, 1.692596, 2.831234,5.201481, 2.205298, 3.156777, 6.471784, 0, 0, 0
12-04-44-333, 1510, -0.2061462, -2.259923, 1.690857, 2.829973,5.197366, 2.193335, 3.1593, 6.465641, 0, 0, 0
12-04-44-346, 1511, -0.2061462, -2.258729, 1.687439, 2.826978,5.18851, 2.168194, 3.163314, 6.451997, 0, 0, 0
12-04-44-359, 1512, -0.2061462, -2.258385, 1.68576, 2.825701,5.182627, 2.154969, 3.16553, 6.443919, 0, 0, 0
12-04-44-371, 1513, -0.2059631, -2.258409, 1.683594, 2.824415,5.177042, 2.141067, 3.168332, 6.436169, 0, 0, 0
12-04-44-383, 1514, -0.2060242, -2.258034, 1.682129, 2.823246,5.173073, 2.127726, 3.171335, 6.430028, 0, 0, 0
12-04-44-396, 1515, -0.20578, -2.258083, 1.68042, 2.82225,5.170721, 2.113942, 3.173856, 6.424832, 0, 0, 0
12-04-44-410, 1516, -0.2055054, -2.258013, 1.679291, 2.821502,5.169209, 2.100482, 3.175779, 6.420149, 0, 0, 0
12-04-44-423, 1517, -0.2050781, -2.258651, 1.678101, 2.821273,5.16742, 2.086018, 3.177197, 6.414693, 0, 0, 0
12-04-44-437, 1518, -0.2035828, -2.260157, 1.675385, 2.820756,5.162975, 2.057233, 3.177938, 6.402172, 0, 0, 0
12-04-44-450, 1519, -0.2030334, -2.260979, 1.674622, 2.820923,5.160793, 2.042601, 3.177868, 6.395689, 0, 0, 0
12-04-44-463, 1520, -0.2024841, -2.262073, 1.673584, 2.821145,5.159722, 2.027715, 3.177574, 6.38994, 0, 0, 0
12-04-44-477, 1521, -0.2015076, -2.263915, 1.670532, 2.820743,5.159577, 2.013019, 3.177419, 6.385098, 0, 0, 0
12-04-44-491, 1522, -0.2011414, -2.266873, 1.667877, 2.821522,5.159206, 1.985018, 3.175696, 6.375166, 0, 0, 0
12-04-44-503, 1523, -0.2004089, -2.268959, 1.665314, 2.821632,5.160014, 1.972291, 3.173408, 6.370729, 0, 0, 0
12-04-44-517, 1524, -0.1998596, -2.270462, 1.66449, 2.822316,5.161481, 1.960009, 3.16972, 6.36629, 0, 0, 0
12-04-44-530, 1525, -0.1994019, -2.271593, 1.664398, 2.823139,5.161778, 1.947295, 3.166881, 6.361214, 0, 0, 0
12-04-44-544, 1526, -0.1989136, -2.272991, 1.663605, 2.823763,5.161402, 1.93532, 3.164536, 6.356086, 0, 0, 0
12-04-44-558, 1527, -0.1980286, -2.275792, 1.661682, 2.824824,5.160914, 1.912279, 3.160315, 6.346609, 0, 0, 0
12-04-44-571, 1528, -0.1978149, -2.277362, 1.659088, 2.82455,5.161825, 1.900794, 3.158473, 6.342981, 0, 0, 0
12-04-44-585, 1529, -0.197937, -2.278451, 1.658112, 2.824863,5.163691, 1.888688, 3.156064, 6.339683, 0, 0, 0
12-04-44-599, 1530, -0.1974487, -2.279695, 1.656586, 2.824937,5.164721, 1.87744, 3.154177, 6.336242, 0, 0, 0
12-04-44-613, 1531, -0.1968994, -2.281381, 1.653992, 2.82474,5.164982, 1.857348, 3.151263, 6.329079, 0, 0, 0
12-04-44-626, 1532, -0.1969604, -2.282016, 1.653015, 2.824686,5.164896, 1.848008, 3.149994, 6.325642, 0, 0, 0
12-04-44-639, 1533, -0.1963196, -2.283068, 1.652405, 2.825134,5.164617, 1.840027, 3.149019, 6.322601, 0, 0, 0
12-04-44-653, 1534, -0.1964417, -2.283815, 1.651489, 2.825211,5.164899, 1.832205, 3.147584, 6.319845, 0, 0, 0
12-04-44-667, 1535, -0.1966553, -2.284523, 1.650726, 2.825352,5.165263, 1.824676, 3.145461, 6.316906, 0, 0, 0
12-04-44-680, 1536, -0.1966553, -2.285561, 1.649658, 2.825568,5.165216, 1.810849, 3.139915, 6.310126, 0, 0, 0
12-04-44-694, 1537, -0.1964722, -2.285798, 1.649292, 2.825533,5.164952, 1.804751, 3.13746, 6.306942, 0, 0, 0
12-04-44-708, 1538, -0.1964111, -2.286006, 1.648804, 2.825412,5.164476, 1.798354, 3.135668, 6.303833, 0, 0, 0
12-04-44-721, 1539, -0.1965332, -2.286214, 1.648163, 2.825215,5.163284, 1.792437, 3.134237, 6.300458, 0, 0, 0
12-04-44-736, 1540, -0.1972046, -2.286726, 1.646545, 2.824733,5.160594, 1.780553, 3.130576, 6.29306, 0, 0, 0
12-04-44-750, 1541, -0.1973267, -2.28642, 1.646149, 2.824263,5.159999, 1.774706, 3.129176, 6.290224, 0, 0, 0
12-04-44-763, 1542, -0.1976013, -2.286478, 1.645721, 2.82408,5.15976, 1.770061, 3.127532, 6.287901, 0, 0, 0
12-04-44-778, 1543, -0.1978455, -2.286268, 1.645813, 2.82398,5.159868, 1.765532, 3.12626, 6.286083, 0, 0, 0
12-04-44-793, 1544, -0.1983337, -2.286006, 1.645813, 2.823802,5.158675, 1.758845, 3.124967, 6.282586, 0, 0, 0
12-04-44-806, 1545, -0.1987915, -2.285946, 1.646179, 2.824,5.158177, 1.75566, 3.124382, 6.280995, 0, 0, 0
12-04-44-821, 1546, -0.1991272, -2.286068, 1.646179, 2.824122,5.158182, 1.753002, 3.123168, 6.279652, 0, 0, 0
12-04-44-836, 1547, -0.1994934, -2.286012, 1.646698, 2.824405,5.158234, 1.750845, 3.121126, 6.278078, 0, 0, 0
12-04-44-851, 1548, -0.199707, -2.28599, 1.64679, 2.824456,5.158734, 1.748432, 3.116164, 6.275352, 0, 0, 0
12-04-44-867, 1549, -0.1997681, -2.285563, 1.647766, 2.824683,5.159222, 1.747469, 3.113841, 6.274331, 0, 0, 0
12-04-44-880, 1550, -0.199707, -2.285203, 1.64798, 2.824513,5.15939, 1.745799, 3.112202, 6.273191, 0, 0, 0
12-04-44-895, 1551, -0.1996155, -2.284419, 1.648193, 2.823997,5.157262, 1.742684, 3.112155, 6.270551, 0, 0, 0
12-04-44-910, 1552, -0.1997375, -2.284038, 1.648132, 2.823661,5.15663, 1.740726, 3.11247, 6.269643, 0, 0, 0
12-04-44-925, 1553, -0.1996155, -2.2839, 1.64743, 2.823132,5.156114, 1.738792, 3.112705, 6.268799, 0, 0, 0
12-04-44-938, 1554, -0.1998596, -2.283428, 1.64743, 2.822767,5.156344, 1.736915, 3.113089, 6.268659, 0, 0, 0
12-04-44-953, 1555, -0.1998596, -2.283272, 1.647614, 2.822747,5.156332, 1.737018, 3.112978, 6.268622, 0, 0, 0
12-04-44-968, 1556, -0.1997681, -2.282907, 1.648346, 2.822874,5.156783, 1.738004, 3.112761, 6.269158, 0, 0, 0
12-04-44-983, 1557, -0.1997986, -2.282427, 1.648712, 2.822701,5.157726, 1.739023, 3.113208, 6.270439, 0, 0, 0
12-04-44-996, 1558, -0.1997986, -2.282139, 1.648956, 2.822611,5.157384, 1.739459, 3.113291, 6.270319, 0, 0, 0
12-04-45-010, 1559, -0.1999207, -2.281921, 1.648865, 2.82239,5.156528, 1.73989, 3.11398, 6.270078, 0, 0, 0
12-04-45-025, 1560, -0.2001038, -2.281341, 1.648987, 2.822006,5.155957, 1.740593, 3.115538, 6.270576, 0, 0, 0
12-04-45-038, 1561, -0.2003479, -2.280862, 1.64917, 2.821743,5.156379, 1.741039, 3.116546, 6.271549, 0, 0, 0
12-04-45-052, 1562, -0.2004395, -2.28052, 1.649384, 2.821598,5.156576, 1.741783, 3.117663, 6.272472, 0, 0, 0
12-04-45-067, 1563, -0.2005005, -2.280209, 1.649536, 2.82144,5.156654, 1.742451, 3.118398, 6.273088, 0, 0, 0
12-04-45-081, 1564, -0.2002869, -2.279497, 1.649384, 2.82076,5.157275, 1.743525, 3.119713, 6.274549, 0, 0, 0
12-04-45-096, 1565, -0.2004089, -2.279266, 1.649506, 2.820654,5.157332, 1.74454, 3.120136, 6.275089, 0, 0, 0
12-04-45-112, 1566, -0.2005615, -2.278983, 1.649658, 2.820525,5.157401, 1.746089, 3.120361, 6.275688, 0, 0, 0
12-04-45-127, 1567, -0.2010193, -2.278549, 1.650116, 2.820475,5.15749, 1.749272, 3.121132, 6.277031, 0, 0, 0
12-04-45-142, 1568, -0.2013245, -2.278448, 1.650391, 2.820576,5.158172, 1.751331, 3.121637, 6.278417, 0, 0, 0
12-04-45-156, 1569, -0.2005615, -2.27829, 1.649475, 2.819858,5.158946, 1.75347, 3.122981, 6.280317, 0, 0, 0
12-04-45-171, 1570, -0.2005615, -2.277886, 1.64975, 2.819692,5.161186, 1.758252, 3.124116, 6.284058, 0, 0, 0
12-04-45-185, 1571, -0.2008362, -2.277731, 1.650146, 2.819818,5.161576, 1.760734, 3.124772, 6.285399, 0, 0, 0
12-04-45-200, 1572, -0.2001953, -2.277778, 1.648529, 2.818865,5.162151, 1.763605, 3.125104, 6.286842, 0, 0, 0
12-04-45-213, 1573, -0.2063293, -2.271261, 1.66333, 2.822741,5.162207, 1.766481, 3.125309, 6.287797, 0, 0, 0
12-04-45-228, 1574, -0.2104187, -2.268154, 1.67337, 2.826476,5.163477, 1.772099, 3.125783, 6.290656, 0, 0, 0
12-04-45-242, 1575, -0.2107239, -2.268913, 1.674438, 2.82774,5.164439, 1.774562, 3.126107, 6.2923, 0, 0, 0
12-04-45-255, 1576, -0.211731, -2.268046, 1.67688, 2.828567,5.164994, 1.776848, 3.126494, 6.293593, 0, 0, 0
12-04-45-270, 1577, -0.2120361, -2.267857, 1.677856, 2.829017,5.16524, 1.778963, 3.127204, 6.294745, 0, 0, 0
12-04-45-285, 1578, -0.2158813, -2.263308, 1.6875, 2.831399,5.165765, 1.782094, 3.127933, 6.296424, 0, 0, 0
12-04-45-298, 1579, -0.2191162, -2.260887, 1.695435, 2.834452,5.165617, 1.783423, 3.128286, 6.296854, 0, 0, 0
12-04-45-313, 1580, -0.2216492, -2.258673, 1.701294, 2.836394,5.165409, 1.784885, 3.128573, 6.29724, 0, 0, 0
12-04-45-328, 1581, -0.2223816, -2.257945, 1.703644, 2.837282,5.165028, 1.786431, 3.129856, 6.298004, 0, 0, 0
12-04-45-343, 1582, -0.224884, -2.25509, 1.709351, 2.838641,5.165075, 1.787135, 3.130515, 6.29857, 0, 0, 0
12-04-45-357, 1583, -0.2251892, -2.255115, 1.710663, 2.839476,5.165019, 1.788307, 3.130992, 6.299093, 0, 0, 0
12-04-45-372, 1584, -0.2275391, -2.252143, 1.716827, 2.841024,5.164524, 1.790546, 3.131135, 6.299395, 0, 0, 0
12-04-45-387, 1585, -0.2276611, -2.252146, 1.717834, 2.841645,5.164846, 1.792067, 3.130551, 6.2998, 0, 0, 0
12-04-45-401, 1586, -0.2295532, -2.250019, 1.722687, 2.84305,5.16527, 1.79381, 3.130473, 6.300606, 0, 0, 0
12-04-45-414, 1587, -0.230896, -2.248833, 1.726868, 2.844756,5.165356, 1.797387, 3.13045, 6.301684, 0, 0, 0
12-04-45-428, 1588, -0.2322083, -2.247713, 1.730499, 2.846184,5.164967, 1.798827, 3.130109, 6.301607, 0, 0, 0
12-04-45-443, 1589, -0.232605, -2.247392, 1.731903, 2.846817,5.164636, 1.799899, 3.129977, 6.301576, 0, 0, 0
12-04-45-457, 1590, -0.233551, -2.246346, 1.734192, 2.847462,5.164562, 1.800776, 3.129877, 6.301716, 0, 0, 0
12-04-45-471, 1591, -0.2346802, -2.245134, 1.737579, 2.848663,5.164944, 1.80282, 3.130112, 6.30273, 0, 0, 0
12-04-45-485, 1592, -0.2351379, -2.244818, 1.739075, 2.849365,5.164893, 1.803679, 3.130406, 6.30308, 0, 0, 0
12-04-45-498, 1593, -0.2355652, -2.244361, 1.740417, 2.84986,5.165272, 1.804138, 3.130724, 6.30368, 0, 0, 0
12-04-45-512, 1594, -0.2360229, -2.24384, 1.741943, 2.85042,5.165756, 1.80436, 3.131242, 6.304398, 0, 0, 0
12-04-45-527, 1595, -0.2365112, -2.24304, 1.744354, 2.851305,5.166902, 1.804771, 3.13153, 6.305597, 0, 0, 0
12-04-45-540, 1596, -0.2369995, -2.242514, 1.746063, 2.851977,5.167358, 1.804971, 3.131357, 6.305942, 0, 0, 0
12-04-45-554, 1597, -0.2373047, -2.241949, 1.747528, 2.852455,5.167957, 1.805493, 3.130894, 6.306353, 0, 0, 0
12-04-45-569, 1598, -0.2377319, -2.241347, 1.749237, 2.853065,5.168589, 1.805883, 3.130778, 6.306924, 0, 0, 0
12-04-45-584, 1599, -0.2391663, -2.239688, 1.753754, 2.854655,5.169473, 1.806386, 3.130552, 6.307681, 0, 0, 0
12-04-45-597, 1600, -0.2396545, -2.239337, 1.755402, 2.855434,5.169559, 1.806534, 3.130666, 6.307851, 0, 0, 0
12-04-45-612, 1601, -0.239624, -2.238759, 1.756073, 2.85539,5.169361, 1.806819, 3.130515, 6.307694, 0, 0, 0
12-04-45-627, 1602, -0.2397156, -2.237644, 1.757568, 2.855444,5.168562, 1.806721, 3.130817, 6.307161, 0, 0, 0
12-04-45-642, 1603, -0.2401123, -2.236851, 1.759155, 2.855833,5.168186, 1.806526, 3.130713, 6.306746, 0, 0, 0
12-04-45-655, 1604, -0.2396851, -2.236541, 1.759094, 2.855517,5.167818, 1.806541, 3.13061, 6.306397, 0, 0, 0
12-04-45-670, 1605, -0.2401733, -2.234786, 1.761597, 2.855727,5.16624, 1.805202, 3.13078, 6.304806, 0, 0, 0
12-04-45-685, 1606, -0.2400818, -2.234485, 1.761688, 2.85554,5.16572, 1.804122, 3.131511, 6.304433, 0, 0, 0
12-04-45-698, 1607, -0.2406006, -2.233541, 1.763123, 2.85573,5.164994, 1.802809, 3.132109, 6.30376, 0, 0, 0
12-04-45-712, 1608, -0.2410583, -2.232544, 1.764526, 2.855857,5.164094, 1.801806, 3.132799, 6.303079, 0, 0, 0
12-04-45-727, 1609, -0.2413025, -2.23165, 1.765656, 2.855876,5.163594, 1.79969, 3.133468, 6.302397, 0, 0, 0
12-04-45-742, 1610, -0.2417297, -2.230977, 1.767181, 2.85633,5.16363, 1.798801, 3.133108, 6.301993, 0, 0, 0
12-04-45-755, 1611, -0.2420654, -2.230354, 1.768768, 2.856854,5.163992, 1.79816, 3.132019, 6.301566, 0, 0, 0
12-04-45-770, 1612, -0.2419434, -2.230005, 1.769745, 2.857176,5.165002, 1.798003, 3.130282, 6.301486, 0, 0, 0
12-04-45-785, 1613, -0.2422791, -2.229384, 1.771393, 2.857742,5.165514, 1.798278, 3.129737, 6.301713, 0, 0, 0
12-04-45-799, 1614, -0.2417908, -2.229656, 1.77121, 2.857799,5.166153, 1.798452, 3.129226, 6.302033, 0, 0, 0
12-04-45-813, 1615, -0.2411804, -2.229938, 1.77182, 2.858345,5.166773, 1.798508, 3.127855, 6.301877, 0, 0, 0
12-04-45-828, 1616, -0.2415771, -2.229419, 1.773346, 2.85892,5.166602, 1.797983, 3.127872, 6.301595, 0, 0, 0
12-04-45-843, 1617, -0.2419434, -2.228869, 1.775024, 2.859564,5.167402, 1.797649, 3.127758, 6.302099, 0, 0, 0
12-04-45-856, 1618, -0.2413635, -2.229189, 1.774231, 2.859272,5.168374, 1.797591, 3.127333, 6.302668, 0, 0, 0
12-04-45-870, 1619, -0.2407837, -2.228864, 1.774902, 2.859387,5.16872, 1.796641, 3.126513, 6.302275, 0, 0, 0
12-04-45-884, 1620, -0.2409058, -2.228325, 1.776367, 2.859886,5.168841, 1.795872, 3.12575, 6.301777, 0, 0, 0
12-04-45-898, 1621, -0.2402039, -2.228424, 1.776093, 2.859733,5.169056, 1.795139, 3.125144, 6.301443, 0, 0, 0
12-04-45-913, 1622, -0.2394714, -2.228303, 1.775848, 2.859426,5.169003, 1.794418, 3.124949, 6.301098, 0, 0, 0
12-04-45-928, 1623, -0.2389526, -2.227655, 1.776794, 2.859466,5.168849, 1.792012, 3.126055, 6.300836, 0, 0, 0
12-04-45-943, 1624, -0.2391968, -2.227, 1.778198, 2.859848,5.1686, 1.790457, 3.127231, 6.300772, 0, 0, 0
12-04-45-958, 1625, -0.2390442, -2.226707, 1.779053, 2.860139,5.167765, 1.789048, 3.128362, 6.300249, 0, 0, 0
12-04-45-972, 1626, -0.2388916, -2.226158, 1.779724, 2.860117,5.168105, 1.787209, 3.130776, 6.301205, 0, 0, 0
12-04-45-987, 1627, -0.2393188, -2.225614, 1.781189, 2.860641,5.168705, 1.786739, 3.131342, 6.301846, 0, 0, 0
12-04-46-002, 1628, -0.2397766, -2.225096, 1.782654, 2.861188,5.16935, 1.786623, 3.131377, 6.302358, 0, 0, 0
12-04-46-017, 1629, -0.2394714, -2.225223, 1.782288, 2.861033,5.170073, 1.788092, 3.131535, 6.303446, 0, 0, 0
12-04-46-029, 1630, -0.2387085, -2.226014, 1.780792, 2.860654,5.170065, 1.788997, 3.131816, 6.303837, 0, 0, 0
12-04-46-044, 1631, -0.2391968, -2.22572, 1.782227, 2.861359,5.169985, 1.790199, 3.132088, 6.304247, 0, 0, 0
12-04-46-059, 1632, -0.2385254, -2.226465, 1.780945, 2.861085,5.170038, 1.791398, 3.132408, 6.30479, 0, 0, 0
12-04-46-071, 1633, -0.2385864, -2.226681, 1.78125, 2.861448,5.170211, 1.792363, 3.132854, 6.305428, 0, 0, 0
12-04-46-090, 1634, -0.2392273, -2.226149, 1.782654, 2.861962,5.169896, 1.792327, 3.133023, 6.305243, 0, 0, 0
12-04-46-105, 1635, -0.2397461, -2.225516, 1.783875, 2.862273,5.169252, 1.792552, 3.133094, 6.304815, 0, 0, 0
12-04-46-120, 1636, -0.239502, -2.22522, 1.783142, 2.861566,5.167526, 1.791723, 3.134991, 6.304107, 0, 0, 0
12-04-46-135, 1637, -0.2387085, -2.225758, 1.781189, 2.860702,5.166488, 1.790493, 3.136216, 6.303516, 0, 0, 0
12-04-46-150, 1638, -0.2388916, -2.225259, 1.780792, 2.860082,5.164301, 1.786005, 3.13856, 6.301617, 0, 0, 0
12-04-46-163, 1639, -0.2393799, -2.224344, 1.781769, 2.860019,5.16269, 1.78455, 3.139107, 6.300157, 0, 0, 0
12-04-46-178, 1640, -0.2393494, -2.223658, 1.782043, 2.859654,5.161422, 1.783011, 3.139989, 6.299121, 0, 0, 0
12-04-46-193, 1641, -0.2402344, -2.221939, 1.7836, 2.859363,5.159914, 1.779517, 3.139155, 6.296482, 0, 0, 0
12-04-46-208, 1642, -0.239502, -2.223083, 1.781128, 2.858649,5.15889, 1.777658, 3.138471, 6.294777, 0, 0, 0
12-04-46-222, 1643, -0.2398987, -2.222694, 1.781708, 2.858742,5.157606, 1.77568, 3.137862, 6.292862, 0, 0, 0
12-04-46-237, 1644, -0.2391052, -2.223962, 1.779175, 2.858084,5.157649, 1.770895, 3.135551, 6.290397, 0, 0, 0
12-04-46-252, 1645, -0.2374573, -2.225542, 1.775421, 2.856841,5.157989, 1.768864, 3.134388, 6.289524, 0, 0, 0
12-04-46-266, 1646, -0.2376404, -2.225378, 1.77594, 2.857051,5.15778, 1.766825, 3.132669, 6.287923, 0, 0, 0
12-04-46-279, 1647, -0.2360229, -2.227173, 1.772766, 2.856345,5.157839, 1.763401, 3.127965, 6.284668, 0, 0, 0
12-04-46-294, 1648, -0.2362061, -2.227142, 1.773132, 2.856563,5.158649, 1.762131, 3.125525, 6.283762, 0, 0, 0
12-04-46-309, 1649, -0.2362061, -2.227283, 1.773315, 2.856787,5.16041, 1.761063, 3.122705, 6.283507, 0, 0, 0
12-04-46-322, 1650, -0.2364197, -2.22743, 1.773773, 2.857203,5.162368, 1.759367, 3.119967, 6.28328, 0, 0, 0
12-04-46-336, 1651, -0.2347412, -2.230015, 1.770447, 2.857018,5.168694, 1.75748, 3.11396, 6.284972, 0, 0, 0
12-04-46-351, 1652, -0.2328186, -2.232013, 1.767212, 2.856418,5.173653, 1.758343, 3.11012, 6.287393, 0, 0, 0
12-04-46-364, 1653, -0.2324524, -2.232154, 1.767487, 2.856668,5.178052, 1.759652, 3.107222, 6.289947, 0, 0, 0
12-04-46-378, 1654, -0.2305603, -2.233828, 1.764618, 2.85605,5.183005, 1.760871, 3.103728, 6.292641, 0, 0, 0
12-04-46-393, 1655, -0.2281494, -2.235316, 1.762543, 2.855739,5.191312, 1.76175, 3.09809, 6.296955, 0, 0, 0
12-04-46-408, 1656, -0.2261963, -2.236311, 1.760406, 2.855045,5.194864, 1.763012, 3.096323, 6.299369, 0, 0, 0
12-04-46-422, 1657, -0.2250671, -2.236424, 1.760223, 2.854932,5.197827, 1.764415, 3.094911, 6.301511, 0, 0, 0
12-04-46-436, 1658, -0.2218933, -2.236545, 1.757019, 2.852803,5.205028, 1.766286, 3.092509, 6.306798, 0, 0, 0
12-04-46-451, 1659, -0.2207336, -2.236644, 1.756287, 2.85234,5.207044, 1.766219, 3.091874, 6.308132, 0, 0, 0
12-04-46-465, 1660, -0.2194824, -2.236752, 1.755493, 2.85184,5.207221, 1.76761, 3.090827, 6.308154, 0, 0, 0
12-04-46-478, 1661, -0.2180481, -2.236787, 1.754486, 2.851137,5.206915, 1.769283, 3.089539, 6.307739, 0, 0, 0
12-04-46-493, 1662, -0.2151489, -2.236971, 1.75238, 2.849766,5.209184, 1.774836, 3.086733, 6.309799, 0, 0, 0
12-04-46-508, 1663, -0.2139893, -2.23738, 1.751038, 2.849174,5.208431, 1.779325, 3.086512, 6.310333, 0, 0, 0
12-04-46-522, 1664, -0.2130432, -2.237642, 1.749786, 2.848541,5.208628, 1.783538, 3.086563, 6.31171, 0, 0, 0
12-04-46-536, 1665, -0.2115479, -2.237691, 1.747528, 2.84708,5.212088, 1.791496, 3.08814, 6.317588, 0, 0, 0
12-04-46-549, 1666, -0.2106323, -2.23717, 1.747131, 2.84636,5.222022, 1.797429, 3.090558, 6.32865, 0, 0, 0
12-04-46-563, 1667, -0.2099304, -2.236005, 1.746857, 2.845224,5.238232, 1.803569, 3.092537, 6.34474, 0, 0, 0
12-04-46-579, 1668, -0.2088928, -2.23596, 1.747131, 2.845281,-1.037522, 1.812854, 3.09064, 3.730275, 0, 0, 0
12-04-46-592, 1669, -0.2066956, -2.235296, 1.748047, 2.845161,-1.025154, 1.830658, 3.088326, 3.733632, 0, 0, 0
12-04-46-605, 1670, -0.2052612, -2.234955, 1.749054, 2.845408,-1.019625, 1.840944, 3.088967, 3.737703, 0, 0, 0
12-04-46-620, 1671, -0.2041016, -2.234448, 1.750214, 2.845639,-1.01406, 1.852378, 3.091279, 3.743745, 0, 0, 0
12-04-46-635, 1672, -0.203125, -2.233991, 1.751434, 2.845962,-1.011595, 1.863591, 3.093767, 3.750692, 0, 0, 0
12-04-46-650, 1673, -0.2007751, -2.233141, 1.753815, 2.846594,-1.007503, 1.886157, 3.097039, 3.763549, 0, 0, 0
12-04-46-663, 1674, -0.1993713, -2.23241, 1.755005, 2.846655,-1.001592, 1.89777, 3.097127, 3.767879, 0, 0, 0
12-04-46-677, 1675, -0.1963806, -2.231933, 1.750732, 2.843441,-0.9866183, 1.908273, 3.095878, 3.768207, 0, 0, 0
12-04-46-692, 1676, -0.1913757, -2.229398, 1.751129, 2.841354,-0.9458175, 1.930421, 3.096725, 3.769722, 0, 0, 0
12-04-46-705, 1677, -0.1868591, -2.229179, 1.749603, 2.839942,-0.9321967, 1.945692, 3.094583, 3.77242, 0, 0, 0
12-04-46-720, 1678, -0.1831665, -2.227684, 1.752258, 2.840164,-0.9213831, 1.961917, 3.090371, 3.774713, 0, 0, 0
12-04-46-735, 1679, -0.1767273, -2.227788, 1.750122, 2.838521,-0.9077424, 1.9793, 3.08515, 3.776212, 0, 0, 0
12-04-46-750, 1680, -0.1670532, -2.226225, 1.751404, 2.837499,-0.8805518, 2.011541, 3.077051, 3.7802, 0, 0, 0
12-04-46-763, 1681, -0.1625061, -2.224992, 1.753815, 2.837757,-0.8705151, 2.02727, 3.073501, 3.783388, 0, 0, 0
12-04-46-778, 1682, -0.1574707, -2.2236, 1.756378, 2.837968,-0.8627308, 2.042263, 3.07125, 3.787838, 0, 0, 0
12-04-46-794, 1683, -0.144165, -2.217342, 1.761322, 2.835427,-0.8399153, 2.076506, 3.083689, 3.811361, 0, 0, 0
12-04-46-809, 1684, -0.1381531, -2.212048, 1.762146, 2.831501,-0.8356962, 2.079567, 3.092813, 3.819487, 0, 0, 0
12-04-46-823, 1685, -0.1287842, -2.203939, 1.759735, 2.823225,-0.8314911, 2.08222, 3.119147, 3.841366, 0, 0, 0
12-04-46-838, 1686, -0.1156006, -2.190656, 1.757324, 2.810788,-0.8440503, 2.063874, 3.148658, 3.858244, 0, 0, 0
12-04-46-853, 1687, -0.1109314, -2.187606, 1.758728, 2.809102,-0.8659127, 2.054764, 3.154091, 3.862661, 0, 0, 0
12-04-46-868, 1688, -0.1046143, -2.184605, 1.758057, 2.806102,-0.8709128, 2.042604, 3.165264, 3.866473, 0, 0, 0
12-04-46-883, 1689, -0.09017944, -2.178271, 1.756592, 2.799752,-0.8886904, 2.037233, -3.093055, 3.808816, 0, 0, 0
12-04-46-897, 1690, -0.07998657, -2.181204, 1.740845, 2.791879,-0.9029003, 2.032174, -3.078668, 3.797783, 0, 0, 0
12-04-46-912, 1691, -0.06924438, -2.181795, 1.733795, 2.787664,-0.9143986, 2.032418, -3.071121, 3.794552, 0, 0, 0
12-04-46-926, 1692, -0.08618164, -2.111151, 1.724091, 2.727063,-0.9299576, 2.038387, -3.061396, 3.793677, 0, 0, 0
12-04-46-941, 1693, -0.08010864, -2.112173, 1.724609, 2.727998,-0.9386542, 2.042437, -3.053385, 3.791541, 0, 0, 0
12-04-46-955, 1694, -0.07141113, -2.115078, 1.718201, 2.725962,-0.9463448, 2.045637, -3.042162, 3.786152, 0, 0, 0
12-04-46-970, 1695, -0.06311035, -2.115593, 1.714325, 2.723716,-0.9547044, 2.046165, -3.031244, 3.779774, 0, 0, 0
12-04-46-985, 1696, -0.04806519, -2.113372, 1.707336, 2.717287,-0.9714713, 2.030938, -3.010484, 3.759186, 0, 0, 0
12-04-47-000, 1697, -0.04147339, -2.108051, 1.707458, 2.713119,-0.9586388, 2.032072, -2.991341, 3.74118, 0, 0, 0
12-04-47-014, 1698, -0.02539063, -2.1046, 1.696167, 2.70314,-0.950579, 2.049913, -2.996785, 3.753194, 0, 0, 0
12-04-47-029, 1699, -0.01785278, -2.100702, 1.688293, 2.695107,-0.9423252, 2.064045, -2.993661, 3.756364, 0, 0, 0
12-04-47-044, 1700, -0.01190186, -2.093362, 1.683655, 2.686447,-0.9430205, 2.081754, -3.000197, 3.771495, 0, 0, 0
12-04-47-059, 1701, 0.001159668, -2.080685, 1.665771, 2.665342,-0.9300835, 2.096678, -3.01223, 3.786112, 0, 0, 0
12-04-47-073, 1702, 0.006317139, -2.071151, 1.660553, 2.654646,-0.9175842, 2.103174, -3.020458, 3.793213, 0, 0, 0
12-04-47-088, 1703, 0.01422119, -2.064958, 1.650452, 2.643529,-0.9084162, 2.109452, -3.025844, 3.798781, 0, 0, 0
12-04-47-103, 1704, 0.01901245, -2.055456, 1.645264, 2.632898,-0.8992242, 2.114944, -3.029354, 3.802444, 0, 0, 0
12-04-47-118, 1705, 0.02938843, -2.037847, 1.633606, 2.611964,-0.8940552, 2.126202, -3.032614, 3.810094, 0, 0, 0
12-04-47-133, 1706, 0.03546143, -2.029686, 1.627045, 2.601568,-0.8975982, 2.132248, -3.032194, 3.81397, 0, 0, 0
12-04-47-145, 1707, 0.0501709, -2.011954, 1.604401, 2.573825,-0.8972523, 2.138566, -3.0274, 3.813617, 0, 0, 0
12-04-47-160, 1708, 0.05941772, -2.003713, 1.588318, 2.557567,-0.8935942, 2.142449, -3.02704, 3.814652, 0, 0, 0
12-04-47-175, 1709, 0.06253052, -1.990009, 1.584259, 2.54439,-0.8966988, 2.144629, -3.030363, 3.819241, 0, 0, 0
12-04-47-188, 1710, 0.07119751, -1.980312, 1.570282, 2.528337,-0.8965395, 2.149065, -3.032553, 3.823433, 0, 0, 0
12-04-47-203, 1711, 0.08236694, -1.953758, 1.553558, 2.497498,-0.8901686, 2.166674, -3.036711, 3.835165, 0, 0, 0
12-04-47-218, 1712, 0.08621216, -1.938945, 1.548798, 2.483085,-0.8911135, 2.182208, -3.041515, 3.847977, 0, 0, 0
12-04-47-233, 1713, 0.09359741, -1.925867, 1.539001, 2.467032,-0.886475, 2.201345, -3.041548, 3.857819, 0, 0, 0
12-04-47-245, 1714, 0.1040649, -1.896528, 1.526276, 2.43663,-0.8866761, 2.238969, -3.044977, 3.882146, 0, 0, 0
12-04-47-258, 1715, 0.06973267, -1.811481, 1.519012, 2.365106,-0.8928933, 2.251537, -3.047916, 3.893131, 0, 0, 0
12-04-47-271, 1716, 0.07287598, -1.805851, 1.51532, 2.358517,-0.9003845, 2.263625, -3.051746, 3.904849, 0, 0, 0
12-04-47-286, 1717, 0.07678223, -1.792039, 1.509918, 2.344601,-0.903157, 2.276776, -3.055281, 3.915883, 0, 0, 0
12-04-47-301, 1718, 0.0803833, -1.778943, 1.505096, 2.331612,-0.9087513, 2.287124, -3.056123, 3.923856, 0, 0, 0
12-04-47-316, 1719, 0.08883667, -1.753562, 1.491608, 2.303859,-0.9033586, 2.309716, -3.059322, 3.938311, 0, 0, 0
12-04-47-330, 1720, 0.09326172, -1.741411, 1.4841, 2.289927,-0.8957202, 2.322259, -3.05935, 3.94396, 0, 0, 0
12-04-47-345, 1721, 0.09698486, -1.729604, 1.47757, 2.276872,-0.8913599, 2.332899, -3.058224, 3.948376, 0, 0, 0
12-04-47-360, 1722, 0.1049194, -1.705819, 1.468872, 2.253533,-0.8731548, 2.366294, -3.053023, 3.960139, 0, 0, 0
12-04-47-375, 1723, 0.1084595, -1.695382, 1.464172, 2.242741,-0.8650998, 2.382392, -3.052634, 3.967715, 0, 0, 0
12-04-47-387, 1724, 0.1115112, -1.685638, 1.4599, 2.232738,-0.8563474, 2.394179, -3.049511, 3.970509, 0, 0, 0
12-04-47-402, 1725, 0.1226501, -1.669222, 1.440857, 2.208486,-0.8402811, 2.410126, -3.042237, 3.971144, 0, 0, 0
12-04-47-417, 1726, 0.1253052, -1.660658, 1.435242, 2.198501,-0.8357752, 2.413969, -3.038436, 3.969617, 0, 0, 0
12-04-47-431, 1727, 0.1323547, -1.654364, 1.420074, 2.184273,-0.8299505, 2.41902, -3.033639, 3.967801, 0, 0, 0
12-04-47-446, 1728, 0.1389771, -1.640369, 1.404968, 2.164269,-0.8171698, 2.430945, -3.024579, 3.965518, 0, 0, 0
12-04-47-461, 1729, 0.1421814, -1.634804, 1.396118, 2.154518,-0.8101968, 2.436391, -3.019508, 3.963565, 0, 0, 0
12-04-47-476, 1730, 0.1451721, -1.630048, 1.38913, 2.146582,-0.8024184, 2.442921, -3.015521, 3.962967, 0, 0, 0
12-04-47-491, 1731, 0.1470337, -1.625641, 1.383301, 2.139591,-0.7963001, 2.449262, -3.012862, 3.963624, 0, 0, 0
12-04-47-505, 1732, 0.1525879, -1.620511, 1.371826, 2.128672,-0.7838887, 2.460363, -3.00935, 3.965357, 0, 0, 0
12-04-47-519, 1733, 0.1559753, -1.619568, 1.366089, 2.124507,-0.7771923, 2.462873, -3.011278, 3.96706, 0, 0, 0
12-04-47-534, 1734, 0.1573181, -1.616948, 1.36441, 2.121529,-0.7696559, 2.47061, -3.007424, 3.967478, 0, 0, 0
12-04-47-548, 1735, 0.1627502, -1.616001, 1.353088, 2.113953,-0.7646422, 2.478508, -3.004367, 3.969118, 0, 0, 0
12-04-47-563, 1736, 0.1650696, -1.616228, 1.348145, 2.111146,-0.7635481, 2.479293, -3.002955, 3.968329, 0, 0, 0
12-04-47-577, 1737, 0.1681519, -1.61668, 1.34198, 2.107805,-0.7616601, 2.483989, -3.001697, 3.969951, 0, 0, 0
12-04-47-591, 1738, 0.1749268, -1.619679, 1.331238, 2.103843,-0.7583153, 2.490015, -3.000181, 3.971939, 0, 0, 0
12-04-47-604, 1739, 0.1785889, -1.621182, 1.326935, 2.102589,-0.7533447, 2.491101, -2.999363, 3.971056, 0, 0, 0
12-04-47-619, 1740, 0.1832275, -1.624031, 1.321991, 2.102072,-0.7478896, 2.491514, -3.000045, 3.9708, 0, 0, 0
12-04-47-634, 1741, 0.1872864, -1.626828, 1.317383, 2.1017,-0.7446296, 2.492856, -2.999306, 3.970471, 0, 0, 0
12-04-47-649, 1742, 0.1950378, -1.632953, 1.308289, 2.101474,-0.7486938, 2.497745, -2.99584, 3.971691, 0, 0, 0
12-04-47-664, 1743, 0.1983337, -1.635737, 1.304382, 2.101519,-0.7523983, 2.501941, -2.99374, 3.973449, 0, 0, 0
12-04-47-679, 1744, 0.2019958, -1.639041, 1.299988, 2.10172,-0.7560158, 2.505522, -2.992438, 3.97541, 0, 0, 0
12-04-47-694, 1745, 0.2098083, -1.645928, 1.291321, 2.102524,-0.7607905, 2.509455, -2.991175, 3.97785, 0, 0, 0
12-04-47-709, 1746, 0.2138977, -1.649666, 1.28714, 2.103302,-0.7619964, 2.509854, -2.990514, 3.977836, 0, 0, 0
12-04-47-725, 1747, 0.2182007, -1.653984, 1.283173, 2.10471,-0.7614576, 2.508463, -2.99034, 3.976725, 0, 0, 0
12-04-47-737, 1748, 0.2269592, -1.663059, 1.274506, 2.10752,-0.7586258, 2.507698, -2.991378, 3.976482, 0, 0, 0
12-04-47-754, 1749, 0.1926575, -1.597331, 1.277771, 2.054576,-0.7581137, 2.507314, -2.991564, 3.976282, 0, 0, 0
12-04-47-769, 1750, 0.1968079, -1.612384, 1.273804, 2.064241,-0.7592135, 2.505799, -2.992076, 3.975921, 0, 0, 0
12-04-47-784, 1751, 0.204895, -1.626724, 1.266632, 2.071852,-0.7565297, 2.499823, -2.99526, 3.974045, 0, 0, 0
12-04-47-799, 1752, 0.2096252, -1.635619, 1.262451, 2.07677,-0.7517197, 2.497302, -2.99669, 3.972625, 0, 0, 0
12-04-47-813, 1753, 0.2175903, -1.654932, 1.256073, 2.088986,-0.740077, 2.487474, -2.9997, 3.96654, 0, 0, 0
12-04-47-828, 1754, 0.2206726, -1.665366, 1.254028, 2.09636,-0.730367, 2.480775, -3.002202, 3.962436, 0, 0, 0
12-04-47-843, 1755, 0.2249146, -1.678014, 1.251221, 2.105201,-0.7146104, 2.475655, -3.004308, 3.957954, 0, 0, 0
12-04-47-858, 1756, 0.2296753, -1.690568, 1.247559, 2.113569,-0.6961428, 2.473582, -3.0041, 3.953207, 0, 0, 0
12-04-47-871, 1757, 0.2355957, -1.717744, 1.236298, 2.129456,-0.6709903, 2.470307, -3.007604, 3.949472, 0, 0, 0
12-04-47-886, 1758, 0.2377319, -1.732471, 1.231567, 2.138862,-0.6526175, 2.463443, -3.00861, 3.942866, 0, 0, 0
12-04-47-902, 1759, 0.2419739, -1.749071, 1.226013, 2.14963,-0.6378652, 2.459542, -3.002249, 3.933156, 0, 0, 0
12-04-47-917, 1760, 0.2471008, -1.78023, 1.217255, 2.170711,-0.6049408, 2.468791, -2.998409, 3.930819, 0, 0, 0
12-04-47-933, 1761, 0.2507019, -1.797291, 1.210846, 2.181571,-0.5973567, 2.474122, -2.989815, 3.926462, 0, 0, 0
12-04-47-945, 1762, 0.256958, -1.832283, 1.200287, 2.205443,-0.5760516, 2.47922, -2.979, 3.918266, 0, 0, 0
12-04-47-960, 1763, 0.2541199, -1.847884, 1.208344, 2.222464,-0.5715356, 2.48212, -2.97481, 3.916257, 0, 0, 0
12-04-47-975, 1764, 0.2582092, -1.866136, 1.20166, 2.234529,-0.5568547, 2.48472, -2.967139, 3.909966, 0, 0, 0
12-04-47-989, 1765, 0.2613831, -1.884401, 1.198303, 2.248382,-0.5490232, 2.485132, -2.969274, 3.910741, 0, 0, 0
12-04-48-003, 1766, 0.269165, -1.927176, 1.185028, 2.278321,-0.5401881, 2.4948, -2.945178, 3.897423, 0, 0, 0
12-04-48-018, 1767, 0.2741699, -1.950207, 1.176483, 2.294033,-0.5328584, 2.498832, -2.934136, 3.890662, 0, 0, 0
12-04-48-033, 1768, 0.2784729, -1.972787, 1.169342, 2.310151,-0.5258395, 2.499478, -2.923967, 3.882458, 0, 0, 0
12-04-48-046, 1769, 0.2879639, -2.014768, 1.15686, 2.341055,-0.5021295, 2.486438, -2.9258, 3.872313, 0, 0, 0
12-04-48-060, 1770, 0.2913513, -2.033661, 1.155273, 2.356972,-0.4937171, 2.480984, -2.93045, 3.87125, 0, 0, 0
12-04-48-075, 1771, 0.2967224, -2.05408, 1.148865, 2.372168,-0.481763, 2.492719, -2.923595, 3.872099, 0, 0, 0
12-04-48-089, 1772, 0.2614136, -2.002366, 1.153717, 2.325698,-0.4742704, 2.502027, -2.918762, 3.873531, 0, 0, 0
12-04-48-104, 1773, 0.271698, -2.056383, 1.140717, 2.367227,-0.4590393, 2.52737, -2.898044, 3.872593, 0, 0, 0
12-04-48-119, 1774, 0.2776794, -2.077327, 1.133514, 2.382698,-0.4448937, 2.535845, -2.891752, 3.871779, 0, 0, 0
12-04-48-134, 1775, 0.2830811, -2.099661, 1.129639, 2.400999,-0.4359209, 2.536398, -2.886231, 3.866998, 0, 0, 0
12-04-48-150, 1776, 0.2934875, -2.141866, 1.121552, 2.435488,-0.4019991, 2.539539, -2.873832, 3.856134, 0, 0, 0
12-04-48-164, 1777, 0.2967224, -2.160921, 1.120758, 2.452289,-0.3846232, 2.53067, -2.867977, 3.844154, 0, 0, 0
12-04-48-178, 1778, 0.3072815, -2.203157, 1.113098, 2.487431,-0.3563674, 2.532361, -2.846032, 3.826192, 0, 0, 0
12-04-48-193, 1779, 0.3129578, -2.224643, 1.10788, 2.504871,-0.3450719, 2.540301, -2.831059, 3.819306, 0, 0, 0
12-04-48-208, 1780, 0.3172607, -2.245187, 1.104095, 2.522012,-0.3347112, 2.546851, -2.814501, 3.810498, 0, 0, 0
12-04-48-221, 1781, 0.3214111, -2.265186, 1.101013, 2.539016,-0.3270231, 2.543833, -2.805756, 3.801355, 0, 0, 0
12-04-48-236, 1782, 0.3329163, -2.305312, 1.090607, 2.571909,-0.3071412, 2.547367, -2.787406, 3.788541, 0, 0, 0
12-04-48-249, 1783, 0.3394775, -2.325032, 1.084869, 2.588042,-0.2939035, 2.550175, -2.779826, 3.783808, 0, 0, 0
12-04-48-261, 1784, 0.3453064, -2.34379, 1.080994, 2.604061,-0.2774061, 2.552911, -2.773229, 3.779564, 0, 0, 0
12-04-48-276, 1785, 0.3527832, -2.363467, 1.075989, 2.620722,-0.2671934, 2.557776, -2.763085, 3.774685, 0, 0, 0
12-04-48-290, 1786, 0.3670654, -2.401359, 1.06781, 2.653579,-0.2417173, 2.595275, -2.722903, 3.769361, 0, 0, 0
12-04-48-303, 1787, 0.3730164, -2.418958, 1.065643, 2.669474,-0.2291772, 2.609056, -2.715124, 3.772478, 0, 0, 0
12-04-48-318, 1788, 0.3398132, -2.364575, 1.069397, 2.617307,-0.2135655, 2.621458, -2.69582, 3.766311, 0, 0, 0
12-04-48-332, 1789, 0.3471375, -2.391116, 1.065247, 2.640585,-0.2074021, 2.621501, -2.687743, 3.760219, 0, 0, 0
12-04-48-345, 1790, 0.3623352, -2.425325, 1.058197, 2.670818,-0.1909225, 2.6268, -2.665918, 3.747486, 0, 0, 0
12-04-48-359, 1791, 0.3701172, -2.441711, 1.055145, 2.685567,-0.1819008, 2.637387, -2.643124, 3.738315, 0, 0, 0
12-04-48-371, 1792, 0.3786926, -2.458641, 1.052399, 2.701087,-0.1725051, 2.653718, -2.610249, 3.726309, 0, 0, 0
12-04-48-386, 1793, 0.3877563, -2.473834, 1.051392, 2.715811,-0.1580514, 2.679621, -2.573918, 3.718925, 0, 0, 0
12-04-48-401, 1794, 0.3964539, -2.489387, 1.049683, 2.730578,-0.1497177, 2.691279, -2.55808, 3.716069, 0, 0, 0
12-04-48-413, 1795, 0.4130859, -2.51613, 1.046265, 2.756124,-0.1357718, 2.723338, -2.518008, 3.711518, 0, 0, 0
12-04-48-427, 1796, 0.4229126, -2.5285, 1.044037, 2.768065,-0.1321459, 2.745677, -2.492185, 3.710416, 0, 0, 0
12-04-48-440, 1797, 0.432373, -2.539654, 1.042542, 2.779151,-0.133063, 2.771765, -2.462043, 3.709723, 0, 0, 0
12-04-48-451, 1798, 0.4421082, -2.551653, 1.041107, 2.791111,-0.1370341, 2.792207, -2.437745, 3.709151, 0, 0, 0
12-04-48-463, 1799, 0.4502563, -2.561884, 1.041382, 2.801867,-0.1443055, 2.805609, -2.41719, 3.706086, 0, 0, 0
12-04-48-478, 1800, 0.4667053, -2.581918, 1.039917, 2.822329,-0.1618738, 2.826241, -2.377934, 3.697082, 0, 0, 0
12-04-48-492, 1801, 0.4750977, -2.591812, 1.04007, 2.832834,-0.1750058, 2.830565, -2.364765, 3.692539, 0, 0, 0
12-04-48-506, 1802, 0.4445801, -2.530517, 1.045502, 2.77385,-0.1941771, 2.828612, -2.356281, 3.686572, 0, 0, 0
12-04-48-518, 1803, 0.4549866, -2.548296, 1.042419, 2.790603,-0.210965, 2.82957, -2.343395, 3.68001, 0, 0, 0
12-04-48-530, 1804, 0.4642944, -2.556879, 1.043823, 2.800494,-0.241349, 2.820857, -2.339669, 3.67281, 0, 0, 0
12-04-48-544, 1805, 0.4809875, -2.573401, 1.045441, 2.818987,-0.2807119, 2.815341, -2.321601, 3.659888, 0, 0, 0
12-04-48-557, 1806, 0.489624, -2.581569, 1.046906, 2.82847,-0.295229, 2.814326, -2.308906, 3.65221, 0, 0, 0
12-04-48-570, 1807, 0.49823, -2.589149, 1.048309, 2.837406,-0.3073165, 2.81145, -2.301378, 3.646236, 0, 0, 0
12-04-48-583, 1808, 0.5068359, -2.596363, 1.050171, 2.846198,-0.3246383, 2.808807, -2.291331, 3.639366, 0, 0, 0
12-04-48-596, 1809, 0.5157166, -2.602513, 1.052368, 2.85421,-0.3414235, 2.809815, -2.281261, 3.635352, 0, 0, 0
12-04-48-611, 1810, 0.523468, -2.60867, 1.054657, 2.862076,-0.3600261, 2.804365, -2.275917, 3.629584, 0, 0, 0
12-04-48-624, 1811, 0.5388184, -2.619869, 1.05954, 2.876919,-0.3944485, 2.784806, -2.276029, 3.618155, 0, 0, 0
12-04-48-640, 1812, 0.5459595, -2.624362, 1.061584, 2.883107,-0.4091927, 2.779309, -2.267436, 3.610161, 0, 0, 0
12-04-48-657, 1813, 0.5531921, -2.629184, 1.06369, 2.889648,-0.4224491, 2.776393, -2.258608, 3.603905, 0, 0, 0
12-04-48-670, 1814, 0.565918, -2.637286, 1.067566, 2.900903,-0.4401307, 2.764994, -2.245421, 3.588986, 0, 0, 0
12-04-48-683, 1815, 0.5713501, -2.640641, 1.069397, 2.90569,-0.4453286, 2.757496, -2.24022, 3.580598, 0, 0, 0
12-04-48-697, 1816, 0.5769653, -2.644092, 1.071136, 2.910575,-0.4502441, 2.751963, -2.234145, 3.573153, 0, 0, 0
12-04-48-711, 1817, 0.5884094, -2.650226, 1.073853, 2.919432,-0.4617781, 2.747248, -2.215441, 3.559325, 0, 0, 0
12-04-48-724, 1818, 0.5932922, -2.653007, 1.075195, 2.923437,-0.4666992, 2.743938, -2.207381, 3.552399, 0, 0, 0
12-04-48-737, 1819, 0.5977478, -2.655951, 1.076599, 2.927532,-0.471533, 2.739802, -2.200833, 3.545775, 0, 0, 0
12-04-48-749, 1820, 0.5596924, -2.589746, 1.085083, 2.863118,-0.4743912, 2.737879, -2.19374, 3.540272, 0, 0, 0
12-04-48-761, 1821, 0.5643311, -2.606994, 1.086334, 2.880106,-0.4782806, 2.735959, -2.189293, 3.536556, 0, 0, 0
12-04-48-775, 1822, 0.5683899, -2.609884, 1.087219, 2.883853,-0.4814873, 2.734773, -2.187132, 3.534736, 0, 0, 0
12-04-48-788, 1823, 0.5721741, -2.612416, 1.087952, 2.887168,-0.4837658, 2.732577, -2.185185, 3.532143, 0, 0, 0
12-04-48-802, 1824, 0.5783997, -2.616544, 1.08902, 2.892544,-0.49213, 2.726338, -2.179241, 3.524798, 0, 0, 0
12-04-48-815, 1825, 0.5815735, -2.618343, 1.089691, 2.895061,-0.4962805, 2.72215, -2.177902, 3.521313, 0, 0, 0
12-04-48-827, 1826, 0.5846863, -2.61991, 1.089844, 2.897162,-0.5006464, 2.720106, -2.176125, 3.519253, 0, 0, 0
12-04-48-840, 1827, 0.5874939, -2.621427, 1.089874, 2.899112,-0.5060046, 2.715364, -2.17612, 3.516353, 0, 0, 0
12-04-48-853, 1828, 0.5899353, -2.622411, 1.089478, 2.900349,-0.5111412, 2.710527, -2.179283, 3.515323, 0, 0, 0
12-04-48-866, 1829, 0.5948181, -2.623807, 1.089233, 2.902517,-0.5191584, 2.703574, -2.185597, 3.515064, 0, 0, 0
12-04-48-878, 1830, 0.5971375, -2.624112, 1.089203, 2.903257,-0.5208847, 2.702243, -2.190638, 3.517433, 0, 0, 0
12-04-48-891, 1831, 0.5992126, -2.624411, 1.089172, 2.903943,-0.5217187, 2.700974, -2.195086, 3.519354, 0, 0, 0
12-04-48-904, 1832, 0.6008606, -2.62432, 1.088898, 2.904099,-0.521436, 2.700589, -2.200409, 3.522339, 0, 0, 0
12-04-48-918, 1833, 0.6026306, -2.624408, 1.088684, 2.904465,-0.5210941, 2.699735, -2.205282, 3.524681, 0, 0, 0
12-04-48-932, 1834, 0.604126, -2.624425, 1.088257, 2.90463,-0.5214425, 2.698351, -2.213446, 3.528788, 0, 0, 0
12-04-48-945, 1835, 0.6057434, -2.624103, 1.08728, 2.904311,-0.5213761, 2.692749, -2.22553, 3.532098, 0, 0, 0
12-04-48-959, 1836, 0.6061096, -2.624088, 1.086639, 2.904133,-0.5237563, 2.68903, -2.230873, 3.532987, 0, 0, 0
12-04-48-972, 1837, 0.6055603, -2.623784, 1.085907, 2.90347,-0.5236344, 2.683827, -2.237732, 3.53335, 0, 0, 0
12-04-48-986, 1838, 0.6046753, -2.623847, 1.085358, 2.903138,-0.523195, 2.677285, -2.247884, 3.534766, 0, 0, 0
12-04-49-000, 1839, 0.6040344, -2.624156, 1.084808, 2.903078,-0.5215707, 2.672304, -2.257887, 3.537132, 0, 0, 0
12-04-49-013, 1840, 0.6021423, -2.625729, 1.083679, 2.903685,-0.5196054, 2.660271, -2.279347, 3.541533, 0, 0, 0
12-04-49-028, 1841, 0.6007385, -2.626884, 1.082855, 2.904131,-0.5200098, 2.654514, -2.287759, 3.542696, 0, 0, 0
12-04-49-042, 1842, 0.5992737, -2.627977, 1.082214, 2.904579,-0.5202783, 2.649441, -2.29547, 3.543926, 0, 0, 0
12-04-49-057, 1843, 0.5947266, -2.630217, 1.081421, 2.905376,-0.5193014, 2.637209, -2.310294, 3.544292, 0, 0, 0
12-04-49-070, 1844, 0.592041, -2.631504, 1.081085, 2.905868,-0.5184723, 2.631497, -2.317701, 3.54476, 0, 0, 0
12-04-49-084, 1845, 0.5891418, -2.632973, 1.080841, 2.906519,-0.5173811, 2.625725, -2.325679, 3.545546, 0, 0, 0
12-04-49-097, 1846, 0.5865173, -2.634397, 1.080658, 2.90721,-0.5164342, 2.620821, -2.333151, 3.546688, 0, 0, 0
12-04-49-112, 1847, 0.5819092, -2.637603, 1.080688, 2.909202,-0.5165204, 2.61968, -2.342421, 3.551965, 0, 0, 0
12-04-49-129, 1848, 0.5796509, -2.639399, 1.081085, 2.910527,-0.5167706, 2.62053, -2.346258, 3.555159, 0, 0, 0
12-04-49-143, 1849, 0.5772705, -2.641268, 1.081635, 2.911953,-0.5175365, 2.621483, -2.349583, 3.558167, 0, 0, 0
12-04-49-157, 1850, 0.5730591, -2.645402, 1.082458, 2.915179,-0.5174904, 2.635901, -2.355175, 3.572481, 0, 0, 0
12-04-49-170, 1851, 0.5713806, -2.647733, 1.082825, 2.9171,-0.5162644, 2.646904, -2.360064, 3.583647, 0, 0, 0
12-04-49-183, 1852, 0.5694275, -2.649933, 1.083313, 2.918897,-0.5136259, 2.656338, -2.363836, 3.592724, 0, 0, 0
12-04-49-197, 1853, 0.5674438, -2.651875, 1.083618, 2.920388,-0.5118035, 2.666464, -2.366161, 3.601484, 0, 0, 0
12-04-49-212, 1854, 0.5636597, -2.65589, 1.084259, 2.92354,-0.5120692, 2.691843, -2.364778, 3.619448, 0, 0, 0
12-04-49-226, 1855, 0.5619812, -2.657932, 1.084412, 2.925128,-0.5134034, 2.705796, -2.361701, 3.628022, 0, 0, 0
12-04-49-239, 1856, 0.5602722, -2.659943, 1.084442, 2.926639,-0.515166, 2.719425, -2.358395, 3.636303, 0, 0, 0
12-04-49-253, 1857, 0.5584717, -2.661989, 1.084045, 2.928008,-0.5183821, 2.732912, -2.355742, 3.645141, 0, 0, 0
12-04-49-268, 1858, 0.5563965, -2.664401, 1.083496, 2.929603,-0.5206798, 2.744581, -2.354672, 3.653534, 0, 0, 0
12-04-49-283, 1859, 0.5514221, -2.66832, 1.077789, 2.930124,-0.5140166, 2.763692, -2.342936, 3.659447, 0, 0, 0
12-04-49-297, 1860, 0.5475769, -2.670321, 1.072479, 2.929277,-0.5073847, 2.762647, -2.329661, 3.649243, 0, 0, 0
12-04-49-312, 1861, 0.5411377, -2.674273, 1.060364, 2.927274,-0.4946048, 2.762892, -2.30256, 3.630426, 0, 0, 0
12-04-49-326, 1862, 0.5391846, -2.676754, 1.053711, 2.92678,-0.4887599, 2.768238, -2.285503, 3.622921, 0, 0, 0
12-04-49-341, 1863, 0.537262, -2.678757, 1.048248, 2.926297,-0.4842567, 2.771626, -2.2737, 3.617475, 0, 0, 0
12-04-49-355, 1864, 0.535553, -2.680936, 1.043152, 2.926158,-0.4813243, 2.777903, -2.263931, 3.615771, 0, 0, 0
12-04-49-370, 1865, 0.5329285, -2.68464, 1.035492, 2.926354,-0.4755652, 2.793831, -2.2478, 3.617217, 0, 0, 0
12-04-49-385, 1866, 0.5316772, -2.686443, 1.032196, 2.926617,-0.4730641, 2.801016, -2.242723, 3.619293, 0, 0, 0
12-04-49-400, 1867, 0.5307922, -2.688202, 1.029144, 2.926996,-0.4733216, 2.808101, -2.238683, 3.622316, 0, 0, 0
12-04-49-414, 1868, 0.5300903, -2.691222, 1.022034, 2.927153,-0.4801251, 2.818635, -2.234049, 3.628525, 0, 0, 0
12-04-49-428, 1869, 0.5297241, -2.692062, 1.018402, 2.926593,-0.4843473, 2.821271, -2.232235, 3.630019, 0, 0, 0
12-04-49-443, 1870, 0.5289612, -2.692506, 1.014709, 2.925581,-0.4874513, 2.822954, -2.227521, 3.628847, 0, 0, 0
12-04-49-458, 1871, 0.5274963, -2.692536, 1.007446, 2.922832,-0.4897847, 2.825603, -2.218678, 3.625803, 0, 0, 0
12-04-49-472, 1872, 0.5273743, -2.692424, 1.003998, 2.92152,-0.4901476, 2.826185, -2.216757, 3.625131, 0, 0, 0
12-04-49-487, 1873, 0.5273132, -2.692501, 1.000275, 2.920303,-0.4911631, 2.826516, -2.215408, 3.624702, 0, 0, 0
12-04-49-501, 1874, 0.5283203, -2.692894, 0.9923096, 2.918129,-0.4948762, 2.826056, -2.21362, 3.623757, 0, 0, 0
12-04-49-516, 1875, 0.5291443, -2.693313, 0.9880981, 2.917236,-0.4957688, 2.824422, -2.214322, 3.623033, 0, 0, 0
12-04-49-529, 1876, 0.5299988, -2.693906, 0.9842224, 2.916628,-0.495519, 2.821867, -2.216135, 3.622116, 0, 0, 0
12-04-49-544, 1877, 0.5308533, -2.69459, 0.9804077, 2.916131,-0.4947352, 2.819839, -2.217573, 3.62131, 0, 0, 0
12-04-49-559, 1878, 0.5334167, -2.696059, 0.9726868, 2.915371,-0.4926298, 2.815996, -2.220324, 3.619717, 0, 0, 0
12-04-49-575, 1879, 0.5349426, -2.696743, 0.9689331, 2.915034,-0.491927, 2.813669, -2.222489, 3.619141, 0, 0, 0
12-04-49-589, 1880, 0.536377, -2.697406, 0.9653625, 2.914725,-0.4918878, 2.811593, -2.224054, 3.618484, 0, 0, 0
12-04-49-604, 1881, 0.5393066, -2.698365, 0.9585266, 2.913898,-0.490101, 2.807779, -2.226669, 3.616888, 0, 0, 0
12-04-49-619, 1882, 0.540863, -2.698814, 0.9551697, 2.9135,-0.4888166, 2.805711, -2.228551, 3.616268, 0, 0, 0
12-04-49-633, 1883, 0.5423889, -2.699229, 0.9518738, 2.913089,-0.4874724, 2.803088, -2.231278, 3.615734, 0, 0, 0
12-04-49-646, 1884, 0.5454102, -2.700115, 0.9449463, 2.912219,-0.4869033, 2.79906, -2.235245, 3.614988, 0, 0, 0
12-04-49-660, 1885, 0.546875, -2.70049, 0.9415283, 2.911734,-0.4872038, 2.796721, -2.236547, 3.614022, 0, 0, 0
12-04-49-675, 1886, 0.5481873, -2.70073, 0.9382019, 2.911129,-0.4875162, 2.79411, -2.238411, 3.613199, 0, 0, 0
12-04-49-688, 1887, 0.54953, -2.700884, 0.9348755, 2.910455,-0.4877775, 2.791755, -2.240477, 3.612695, 0, 0, 0
12-04-49-702, 1888, 0.5524902, -2.701271, 0.9282837, 2.909265,-0.489669, 2.789008, -2.243963, 3.612993, 0, 0, 0
12-04-49-717, 1889, 0.5542297, -2.701661, 0.9250488, 2.908927,-0.4907169, 2.788292, -2.246276, 3.614019, 0, 0, 0
12-04-49-731, 1890, 0.5560608, -2.702145, 0.9217224, 2.90867,-0.4918164, 2.787808, -2.249051, 3.61552, 0, 0, 0
12-04-49-746, 1891, 0.5593262, -2.703442, 0.914856, 2.908334,-0.4947312, 2.78565, -2.253213, 3.616845, 0, 0, 0
12-04-49-760, 1892, 0.5608521, -2.704143, 0.9113464, 2.908178,-0.4959711, 2.784734, -2.254877, 3.617347, 0, 0, 0
12-04-49-775, 1893, 0.5622864, -2.704904, 0.9078674, 2.908074,-0.4972653, 2.783219, -2.257474, 3.617979, 0, 0, 0
12-04-49-789, 1894, 0.5636597, -2.705629, 0.9044189, 2.90794,-0.498443, 2.782138, -2.259346, 3.618478, 0, 0, 0
12-04-49-804, 1895, 0.5664063, -2.707169, 0.897644, 2.907808,-0.5004369, 2.783659, -2.261985, 3.62157, 0, 0, 0
12-04-49-818, 1896, 0.567749, -2.707875, 0.8944397, 2.90774,-0.5011857, 2.785112, -2.263681, 3.62385, 0, 0, 0
12-04-49-833, 1897, 0.5690918, -2.70859, 0.8912659, 2.907693,-0.5019821, 2.786693, -2.264952, 3.625969, 0, 0, 0
12-04-49-846, 1898, 0.5715332, -2.710022, 0.8855591, 2.907763,-0.5021486, 2.790859, -2.265517, 3.629548, 0, 0, 0
12-04-49-860, 1899, 0.5726013, -2.710671, 0.8829346, 2.90778,-0.5020474, 2.792283, -2.265473, 3.630601, 0, 0, 0
12-04-49-875, 1900, 0.5735779, -2.711418, 0.8805847, 2.907956,-0.5028719, 2.793541, -2.265243, 3.63154, 0, 0, 0
12-04-49-888, 1901, 0.5745239, -2.712182, 0.8782349, 2.908144,-0.5039838, 2.794622, -2.265232, 3.632519, 0, 0, 0
12-04-49-903, 1902, 0.5761719, -2.713825, 0.8743286, 2.908827,-0.5060961, 2.796221, -2.265705, 3.634336, 0, 0, 0
12-04-49-918, 1903, 0.5770264, -2.7147, 0.8724976, 2.909263,-0.5069482, 2.797648, -2.265973, 3.635721, 0, 0, 0
12-04-49-933, 1904, 0.5779419, -2.715595, 0.870697, 2.90974,-0.507804, 2.798593, -2.266315, 3.63678, 0, 0, 0
12-04-49-945, 1905, 0.5799561, -2.717614, 0.8670654, 2.910941,-0.508695, 2.801556, -2.266017, 3.639, 0, 0, 0
12-04-49-960, 1906, 0.5810547, -2.718651, 0.8652649, 2.911592,-0.5083607, 2.802961, -2.265353, 3.639622, 0, 0, 0
12-04-49-974, 1907, 0.5822449, -2.71978, 0.8633423, 2.912314,-0.5073846, 2.804465, -2.264153, 3.639897, 0, 0, 0
12-04-49-988, 1908, 0.5835266, -2.720912, 0.8613281, 2.913031,-0.5059911, 2.805773, -2.263285, 3.640171, 0, 0, 0
12-04-50-003, 1909, 0.5863647, -2.723519, 0.8573303, 2.914857,-0.5042232, 2.807386, -2.261139, 3.639836, 0, 0, 0
12-04-50-018, 1910, 0.5877686, -2.724933, 0.8555603, 2.915941,-0.5041462, 2.806899, -2.260509, 3.639058, 0, 0, 0
12-04-50-032, 1911, 0.5892029, -2.726182, 0.8537598, 2.91687,-0.5038714, 2.80765, -2.259228, 3.638804, 0, 0, 0
12-04-50-046, 1912, 0.5921936, -2.728516, 0.8504639, 2.918695,-0.5043192, 2.808529, -2.257981, 3.638771, 0, 0, 0
12-04-50-060, 1913, 0.552002, -2.661442, 0.8654175, 2.85253,-0.5044342, 2.808983, -2.257312, 3.638722, 0, 0, 0
12-04-50-075, 1914, 0.5533752, -2.677055, 0.8638916, 2.866907,-0.5041288, 2.810019, -2.255545, 3.638384, 0, 0, 0
12-04-50-088, 1915, 0.5547791, -2.677596, 0.8623352, 2.867215,-0.5029097, 2.810791, -2.255251, 3.638629, 0, 0, 0
12-04-50-103, 1916, 0.5576172, -2.678425, 0.8598328, 2.867788,-0.5002029, 2.812213, -2.251414, 3.636978, 0, 0, 0
12-04-50-118, 1917, 0.5592346, -2.678639, 0.8587952, 2.867993,-0.4977922, 2.814015, -2.250317, 3.637362, 0, 0, 0
12-04-50-133, 1918, 0.5608521, -2.679101, 0.8579712, 2.868493,-0.496531, 2.815024, -2.248985, 3.637147, 0, 0, 0
12-04-50-146, 1919, 0.5641479, -2.680567, 0.8566895, 2.870125,-0.4948987, 2.815261, -2.250124, 3.637812, 0, 0, 0
12-04-50-161, 1920, 0.5656128, -2.681524, 0.8559875, 2.871098,-0.4945553, 2.813697, -2.252524, 3.63804, 0, 0, 0
12-04-50-174, 1921, 0.566864, -2.682613, 0.8552246, 2.872134,-0.4943516, 2.810851, -2.255635, 3.63774, 0, 0, 0
12-04-50-188, 1922, 0.5682068, -2.683729, 0.8543701, 2.873188,-0.494436, 2.808286, -2.258875, 3.637781, 0, 0, 0
12-04-50-202, 1923, 0.5709229, -2.6857, 0.8525391, 2.875024,-0.4945714, 2.80296, -2.263245, 3.636408, 0, 0, 0
12-04-50-217, 1924, 0.5724182, -2.686604, 0.851532, 2.875867,-0.4946095, 2.80132, -2.263958, 3.635594, 0, 0, 0
